depth,row,col,tx,ty,tz,ik_err_m,isaac_tip_x,isaac_tip_y,isaac_tip_z,isaac_vs_target_m,joint_deviation_rad,self_collision,penetration_m,pocket_hit,pocket_pts,collision_pairs
0.25,7,0,0.1318,0.0548,0.1637,7e-05,0.1683,0.0283,0.1536,0.0462,0.12799,1,0.00029,1,74,right_hand_base_link|torso_link;right_wrist_pitch_link|torso_link;right_wrist_roll_link|torso_link;right_wrist_yaw_link|torso_link
0.25,7,1,0.1485,0.0564,0.152,5e-05,0.1616,0.0397,0.1406,0.0241,0.08585,1,0.00039,1,112,right_hand_base_link|torso_link;right_wrist_pitch_link|torso_link;right_wrist_roll_link|torso_link;right_wrist_yaw_link|torso_link
0.25,7,2,0.1653,0.0501,0.1403,5e-05,0.1698,0.0379,0.1267,0.0189,0.06055,1,0.0,1,129,right_hand_base_link|torso_link;right_wrist_pitch_link|torso_link;right_wrist_roll_link|torso_link;right_wrist_yaw_link|torso_link
0.25,7,3,0.18,0.0352,0.13,4e-05,0.1813,0.0261,0.1188,0.0146,0.04512,1,0.0,1,128,right_hand_base_link|torso_link;right_wrist_pitch_link|torso_link;right_wrist_roll_link|torso_link;right_wrist_yaw_link|torso_link
0.25,7,4,0.1888,0.0128,0.1238,5e-05,0.1899,0.0068,0.1178,0.0085,0.02882,1,0.0,1,91,right_hand_base_link|torso_link;right_wrist_pitch_link|torso_link;right_wrist_roll_link|torso_link;right_wrist_yaw_link|torso_link
0.25,7,5,0.1888,-0.0128,0.1238,6e-05,0.195,-0.0224,0.1218,0.0116,0.0475,1,7e-05,1,40,right_hand_base_link|torso_link;right_wrist_pitch_link|torso_link;right_wrist_roll_link|torso_link;right_wrist_yaw_link|torso_link
0.25,7,6,0.18,-0.0352,0.13,9e-05,0.1895,-0.0555,0.1268,0.0227,0.07633,1,0.0,1,1,right_hand_base_link|torso_link
0.25,7,7,0.1653,-0.0501,0.1403,6e-05,0.1766,-0.0753,0.139,0.0276,0.12818,1,0.00018,0,0,right_hand_base_link|torso_link
0.25,7,8,0.1485,-0.0564,0.152,4e-05,0.1615,-0.0863,0.1517,0.0326,0.15243,1,0.0,0,0,right_hand_base_link|torso_link
0.25,7,9,0.1318,-0.0548,0.1637,8e-05,0.1513,-0.0981,0.164,0.0475,0.23673,1,0.0,0,0,right_hand_Link1_1|torso_link;right_hand_base_link|torso_link
0.25,8,0,0.1585,0.0868,0.1323,3e-05,0.1847,0.0541,0.112,0.0466,0.14909,1,0.0,1,370,right_wrist_pitch_link|torso_link;right_wrist_roll_link|torso_link
0.25,8,1,0.1765,0.083,0.1168,0.0001,0.2024,0.0463,0.0971,0.0491,0.15101,1,0.0,1,605,right_wrist_pitch_link|torso_link;right_wrist_roll_link|torso_link
0.25,8,2,0.1952,0.0708,0.1006,9e-05,0.2193,0.0313,0.083,0.0495,0.14882,1,0.0,1,525,right_wrist_roll_link|torso_link
0.25,8,3,0.2116,0.0485,0.0864,9e-05,0.231,0.0113,0.0731,0.044,0.13215,1,0.0,1,408,right_wrist_roll_link|torso_link
0.25,8,4,0.2215,0.0174,0.0779,9e-05,0.2323,-0.0083,0.0699,0.029,0.08883,1,0.0,1,360,right_elbow_link|torso_link;right_wrist_roll_link|torso_link
0.25,8,5,0.2215,-0.0174,0.0779,3e-05,0.2225,-0.0239,0.0743,0.0075,0.02355,1,1e-05,1,591,right_wrist_pitch_link|torso_link;right_wrist_roll_link|torso_link
0.25,8,6,0.2116,-0.0485,0.0864,4e-05,0.2117,-0.0485,0.0864,0.0001,0.0,1,0.0,1,439,right_wrist_pitch_link|torso_link;right_wrist_roll_link|torso_link
0.25,8,7,0.1952,-0.0708,0.1006,7e-05,0.1953,-0.0708,0.1006,0.0001,0.0,1,0.0,1,55,right_hand_base_link|torso_link
0.25,8,8,0.1765,-0.083,0.1168,5e-05,0.1765,-0.083,0.1168,0.0001,0.0,1,0.0,0,0,right_hand_base_link|torso_link
0.25,8,9,0.1585,-0.0868,0.1323,9e-05,0.1591,-0.0893,0.132,0.0026,0.01486,1,0.0007,0,0,right_hand_Link1_1|torso_link;right_hand_base_link|torso_link
0.25,9,0,0.1752,0.1103,0.1009,9e-05,0.2244,0.05,0.0771,0.0814,0.2376,1,0.0,1,544,right_elbow_link|torso_link;right_wrist_roll_link|torso_link
0.25,9,1,0.1944,0.1031,0.081,8e-05,0.24,0.0368,0.0565,0.084,0.23741,1,0.0,1,352,right_elbow_link|torso_link;right_wrist_roll_link|torso_link
0.25,9,2,0.214,0.0863,0.0605,8e-05,0.2395,0.0331,0.0348,0.0643,0.16721,1,0.0,1,310,right_elbow_link|torso_link;right_wrist_roll_link|torso_link
0.25,9,3,0.231,0.0583,0.0428,8e-05,0.2511,0.0092,0.0242,0.0562,0.14988,1,0.0,1,187,right_elbow_link|torso_link;right_wrist_roll_link|torso_link
0.25,9,4,0.2411,0.0207,0.0323,8e-05,0.2513,-0.0117,0.0216,0.0357,0.09719,1,0.0,1,149,right_elbow_link|torso_link;right_wrist_roll_link|torso_link
0.25,9,5,0.2411,-0.0207,0.0323,9e-05,0.2421,-0.0295,0.0285,0.0096,0.0257,1,1e-05,1,148,right_elbow_link|torso_link;right_wrist_roll_link|torso_link
0.25,9,6,0.231,-0.0583,0.0428,3e-05,0.231,-0.0583,0.0428,0.0001,0.0,1,0.0,1,427,right_elbow_link|torso_link;right_wrist_roll_link|torso_link
0.25,9,7,0.214,-0.0863,0.0605,4e-05,0.2141,-0.0863,0.0605,0.0001,0.0,0,0.0,1,334,
0.25,9,8,0.1944,-0.1031,0.081,8e-05,0.1944,-0.1031,0.081,0.0001,0.0,0,0.0,1,177,
0.25,9,9,0.1752,-0.1103,0.1009,5e-05,0.1752,-0.1103,0.1009,0.0001,0.0,0,0.0,1,6,
0.3,0,0,0.1529,0.059,0.2097,5e-05,0.1686,0.045,0.2038,0.0219,0.08698,1,0.0,1,42,logo_link|right_hand_base_link;right_hand_base_link|torso_link;right_wrist_roll_link|torso_link
0.3,0,1,0.1561,0.0479,0.2101,6e-05,0.1657,0.0394,0.2033,0.0145,0.05645,1,0.00061,1,28,logo_link|right_hand_base_link;right_hand_base_link|torso_link;right_wrist_roll_link|torso_link
0.3,0,2,0.1588,0.0355,0.2105,7e-05,0.1683,0.0317,0.202,0.0133,0.03637,1,8e-05,1,8,logo_link|right_hand_base_link;right_hand_base_link|torso_link;right_wrist_pitch_link|torso_link;right_wrist_roll_link|torso_link
0.3,0,3,0.1609,0.0218,0.2107,9e-05,0.1677,0.0233,0.2011,0.0119,0.05,1,0.00027,0,0,logo_link|right_hand_base_link;right_hand_base_link|torso_link;right_wrist_pitch_link|torso_link;right_wrist_roll_link|torso_link
0.3,0,4,0.162,0.0074,0.2109,4e-05,0.1678,0.0051,0.2066,0.0075,0.02937,1,0.00118,0,0,logo_link|right_hand_base_link;right_hand_base_link|torso_link;right_wrist_roll_link|torso_link
0.3,0,5,0.162,-0.0074,0.2109,5e-05,0.1694,-0.0099,0.2048,0.0099,0.0425,1,0.00094,0,0,right_hand_base_link|torso_link
0.3,0,6,0.1609,-0.0218,0.2107,7e-05,0.1707,-0.0249,0.2016,0.0137,0.05872,1,0.00055,0,0,right_hand_base_link|torso_link
0.3,0,7,0.1588,-0.0355,0.2105,9e-05,0.1696,-0.054,0.2129,0.0216,0.09131,1,0.0,0,0,right_hand_base_link|torso_link
0.3,0,8,0.1561,-0.0479,0.2101,5e-05,0.1642,-0.0647,0.2128,0.0188,0.07184,1,0.00043,0,0,right_hand_base_link|torso_link
0.3,0,9,0.1529,-0.059,0.2097,6e-05,0.1563,-0.0674,0.2105,0.0091,0.03478,1,0.00081,0,0,right_hand_base_link|torso_link
0.3,1,0,0.1602,0.0673,0.2031,4e-05,0.1815,0.0478,0.1962,0.0297,0.11119,1,1e-05,1,78,right_elbow_link|torso_link;right_wrist_roll_link|torso_link
0.3,1,1,0.1646,0.0552,0.2033,5e-05,0.1795,0.0406,0.1975,0.0217,0.08401,1,1e-05,1,54,right_wrist_roll_link|torso_link
0.3,1,2,0.1686,0.0412,0.2034,6e-05,0.1759,0.0331,0.1983,0.0121,0.04921,1,0.0,1,22,right_wrist_roll_link|torso_link
0.3,1,3,0.1715,0.0256,0.2035,7e-05,0.1749,0.0216,0.2012,0.0058,0.0245,1,0.0,1,4,right_hand_base_link|torso_link;right_wrist_roll_link|torso_link
0.3,1,4,0.1732,0.0087,0.2036,9e-05,0.1731,0.0088,0.2034,0.0003,0.00204,1,6e-05,0,0,logo_link|right_hand_base_link;right_hand_base_link|torso_link;right_wrist_roll_link|torso_link
0.3,1,5,0.1732,-0.0087,0.2036,4e-05,0.1734,-0.0089,0.2035,0.0003,0.00123,1,0.00011,0,0,right_hand_base_link|torso_link;right_wrist_roll_link|torso_link
0.3,1,6,0.1715,-0.0256,0.2035,6e-05,0.173,-0.0273,0.2024,0.0025,0.01006,1,0.00091,0,0,right_hand_base_link|torso_link
0.3,1,7,0.1686,-0.0412,0.2034,8e-05,0.1736,-0.0434,0.1978,0.0078,0.0321,1,0.00035,0,0,right_hand_base_link|torso_link
0.3,1,8,0.1646,-0.0552,0.2033,4e-05,0.1666,-0.0597,0.2028,0.005,0.02402,1,0.00133,0,0,right_hand_base_link|torso_link
0.3,1,9,0.1602,-0.0673,0.2031,5e-05,0.1613,-0.0701,0.203,0.0031,0.01468,1,0.00088,0,0,right_hand_base_link|torso_link
0.3,2,0,0.1689,0.0771,0.1944,3e-05,0.1972,0.0502,0.1862,0.0398,0.14065,1,0.0,1,128,right_elbow_link|torso_link;right_wrist_roll_link|torso_link
0.3,2,1,0.1749,0.0641,0.1941,4e-05,0.1954,0.043,0.1867,0.0303,0.10977,1,0.0,1,102,right_elbow_link|torso_link;right_wrist_roll_link|torso_link
0.3,2,2,0.1804,0.0484,0.1937,4e-05,0.1937,0.0334,0.1881,0.0208,0.07812,1,0.0,1,64,right_wrist_roll_link|torso_link
0.3,2,3,0.1848,0.0303,0.1934,5e-05,0.1908,0.0224,0.1892,0.0108,0.04304,1,0.0,1,24,right_wrist_roll_link|torso_link
0.3,2,4,0.1872,0.0103,0.1933,6e-05,0.1897,0.0067,0.1915,0.0047,0.01902,1,0.0,1,2,right_wrist_roll_link|torso_link
0.3,2,5,0.1872,-0.0103,0.1933,9e-05,0.1873,-0.0103,0.1933,0.0001,0.0,1,0.0,0,0,right_wrist_roll_link|torso_link
0.3,2,6,0.1848,-0.0303,0.1934,4e-05,0.1848,-0.0303,0.1934,0.0001,0.0,0,0.0,0,0,
0.3,2,7,0.1804,-0.0484,0.1937,6e-05,0.1805,-0.0484,0.1937,0.0001,0.0,1,0.0,0,0,right_hand_base_link|torso_link
0.3,2,8,0.1749,-0.0641,0.1941,8e-05,0.175,-0.064,0.1941,0.0001,0.0,1,0.0,0,0,right_hand_base_link|torso_link
0.3,2,9,0.1689,-0.0771,0.1944,4e-05,0.1689,-0.0771,0.1944,0.0001,0.0,1,0.0,0,0,right_hand_base_link|torso_link
0.3,3,0,0.1787,0.0888,0.1831,9e-05,0.2162,0.0517,0.1733,0.0536,0.17715,1,0.0,1,170,right_elbow_link|torso_link;right_wrist_roll_link|torso_link
0.3,3,1,0.1869,0.0748,0.1817,0.0001,0.2154,0.0439,0.1728,0.043,0.14475,1,0.0,1,156,right_elbow_link|torso_link;right_wrist_roll_link|torso_link
0.3,3,2,0.1947,0.0574,0.1804,3e-05,0.2132,0.0348,0.1727,0.0302,0.10457,1,0.0,1,116,right_elbow_link|torso_link;right_wrist_roll_link|torso_link
0.3,3,3,0.201,0.0363,0.1793,4e-05,0.2113,0.0219,0.1736,0.0186,0.06744,1,0.0,1,54,right_wrist_roll_link|torso_link
0.3,3,4,0.2046,0.0125,0.1787,4e-05,0.2086,0.0058,0.1754,0.0085,0.03259,1,0.0,1,28,right_wrist_roll_link|torso_link
0.3,3,5,0.2046,-0.0125,0.1787,6e-05,0.2044,-0.0123,0.1781,0.0007,0.00411,1,6e-05,1,6,right_wrist_roll_link|torso_link
0.3,3,6,0.201,-0.0363,0.1793,8e-05,0.2011,-0.0363,0.1793,0.0001,0.0,0,0.0,0,0,
0.3,3,7,0.1947,-0.0574,0.1804,4e-05,0.1947,-0.0573,0.1804,0.0001,0.0,0,0.0,0,0,
0.3,3,8,0.1869,-0.0748,0.1817,6e-05,0.1869,-0.0748,0.1817,0.0,0.0,0,0.0,0,0,
0.3,3,9,0.1787,-0.0888,0.1831,9e-05,0.1788,-0.0888,0.1831,0.0001,0.0,0,0.0,0,0,
0.3,4,0,0.1894,0.1023,0.1685,8e-05,0.2306,0.0583,0.1527,0.0623,0.19181,1,0.0,1,248,right_elbow_link|torso_link;right_wrist_roll_link|torso_link
0.3,4,1,0.2002,0.0874,0.1654,8e-05,0.2329,0.0489,0.1517,0.0523,0.16315,1,0.0,1,250,right_elbow_link|torso_link;right_wrist_roll_link|torso_link
0.3,4,2,0.2109,0.068,0.1623,8e-05,0.2351,0.036,0.1518,0.0415,0.13186,1,0.0,1,238,right_elbow_link|torso_link;right_wrist_roll_link|torso_link
0.3,4,3,0.2198,0.0436,0.1597,9e-05,0.2335,0.0225,0.1522,0.0263,0.08617,1,5e-05,1,192,right_elbow_link|torso_link;right_wrist_roll_link|torso_link
0.3,4,4,0.2251,0.0151,0.1582,3e-05,0.2309,0.0038,0.1536,0.0135,0.04682,1,0.0,1,124,right_elbow_link|torso_link;right_wrist_roll_link|torso_link
0.3,4,5,0.2251,-0.0151,0.1582,4e-05,0.2263,-0.0182,0.1569,0.0036,0.01365,1,2e-05,1,76,right_wrist_roll_link|torso_link
0.3,4,6,0.2198,-0.0436,0.1597,6e-05,0.2199,-0.0436,0.1597,0.0001,0.0,1,0.0,0,0,right_wrist_roll_link|torso_link
0.3,4,7,0.2109,-0.068,0.1623,8e-05,0.211,-0.068,0.1623,0.0001,0.0,0,0.0,0,0,
0.3,4,8,0.2002,-0.0874,0.1654,4e-05,0.2003,-0.0874,0.1654,0.0001,0.0,0,0.0,0,0,
0.3,4,9,0.1894,-0.1023,0.1685,7e-05,0.1895,-0.1023,0.1685,0.0001,0.0,0,0.0,0,0,
0.3,5,0,0.2004,0.1172,0.1501,7e-05,0.2524,0.0596,0.1328,0.0795,0.23074,1,0.0,1,262,right_elbow_link|torso_link;right_wrist_roll_link|torso_link
0.3,5,1,0.2142,0.1015,0.1444,7e-05,0.2521,0.053,0.1258,0.0643,0.18386,1,0.0,1,270,right_elbow_link|torso_link;right_wrist_roll_link|torso_link
0.3,5,2,0.2281,0.08,0.1386,7e-05,0.2529,0.0425,0.1226,0.0477,0.13642,1,0.0,1,284,right_elbow_link|torso_link;right_wrist_roll_link|torso_link
0.3,5,3,0.2401,0.0519,0.1337,8e-05,0.2544,0.0257,0.1225,0.0319,0.0932,1,0.0,1,258,right_elbow_link|torso_link;right_wrist_roll_link|torso_link
0.3,5,4,0.2472,0.0181,0.1307,8e-05,0.2547,0.0013,0.1245,0.0194,0.06001,1,0.0,1,165,right_elbow_link|torso_link;right_wrist_roll_link|torso_link
0.3,5,5,0.2472,-0.0181,0.1307,0.0001,0.2485,-0.0223,0.1288,0.0048,0.01557,1,3e-05,1,117,right_elbow_link|torso_link;right_wrist_roll_link|torso_link
0.3,5,6,0.2401,-0.0519,0.1337,4e-05,0.2401,-0.0519,0.1337,0.0,0.0,1,0.0,1,9,right_wrist_roll_link|torso_link
0.3,5,7,0.2281,-0.08,0.1386,6e-05,0.2282,-0.08,0.1386,0.0001,0.0,0,0.0,0,0,
0.3,5,8,0.2142,-0.1015,0.1444,9e-05,0.2143,-0.1015,0.1444,0.0001,0.0,0,0.0,0,0,
0.3,5,9,0.2004,-0.1172,0.1501,5e-05,0.2005,-0.1171,0.1501,0.0001,0.0,0,0.0,0,0,
0.3,6,0,0.211,0.1328,0.1278,7e-05,0.2312,0.1031,0.1003,0.0452,0.14032,1,0.0,1,383,right_elbow_link|torso_link;right_wrist_roll_link|torso_link
0.3,6,1,0.2276,0.1163,0.1186,7e-05,0.2511,0.0725,0.0845,0.0603,0.12838,1,0.0,1,385,right_elbow_link|torso_link;right_wrist_roll_link|torso_link
0.3,6,2,0.2446,0.0927,0.1092,7e-05,0.268,0.0505,0.0873,0.053,0.13099,1,7e-05,1,324,right_elbow_link|torso_link;right_wrist_roll_link|torso_link
0.3,6,3,0.2595,0.0606,0.1011,7e-05,0.2678,0.0381,0.0861,0.0283,0.06846,1,4e-05,1,350,right_elbow_link|torso_link;right_wrist_roll_link|torso_link
0.3,6,4,0.2684,0.0212,0.0962,7e-05,0.2715,0.0103,0.0897,0.0131,0.04197,1,0.0,1,289,right_elbow_link|torso_link;right_wrist_roll_link|torso_link
0.3,6,5,0.2684,-0.0212,0.0962,8e-05,0.2695,-0.0263,0.0939,0.0057,0.01626,1,0.0,1,128,right_elbow_link|torso_link;right_wrist_roll_link|torso_link
0.3,6,6,0.2595,-0.0606,0.1011,9e-05,0.2596,-0.0606,0.101,0.0001,0.0,1,0.0,1,22,right_wrist_roll_link|torso_link
0.3,6,7,0.2446,-0.0927,0.1092,4e-05,0.2447,-0.0927,0.1092,0.0001,0.0,0,0.0,0,0,
0.3,6,8,0.2276,-0.1163,0.1186,6e-05,0.2277,-0.1163,0.1186,0.0001,0.0,0,0.0,0,0,
0.3,6,9,0.211,-0.1328,0.1278,9e-05,0.2111,-0.1328,0.1278,0.0001,0.0,0,0.0,0,0,
0.3,7,0,0.2202,0.1483,0.1019,8e-05,0.229,0.1067,0.0749,0.0504,0.2053,1,0.00041,1,584,left_wrist_pitch_link|right_hand_Link2_2;left_wrist_pitch_link|right_hand_Link2_3;right_elbow_link|torso_link;right_wrist_roll_link|torso_link
0.3,7,1,0.2391,0.1309,0.0886,8e-05,0.2453,0.1098,0.0617,0.0347,0.18389,1,7e-05,1,613,left_wrist_pitch_link|right_hand_Link2_2;left_wrist_pitch_link|right_hand_Link2_3;left_wrist_yaw_link|right_hand_Link2_2;left_wrist_yaw_link|right_hand_Link2_3;right_elbow_link|torso_link
0.3,7,2,0.2586,0.1049,0.075,8e-05,0.2575,0.0877,0.0498,0.0305,0.16128,1,0.00032,1,538,right_elbow_link|torso_link;right_wrist_roll_link|torso_link
0.3,7,3,0.2756,0.069,0.063,7e-05,0.2769,0.0522,0.0463,0.0237,0.1077,1,2e-05,1,422,right_elbow_link|torso_link;right_wrist_roll_link|torso_link
0.3,7,4,0.2858,0.0242,0.0559,7e-05,0.2837,0.0189,0.0479,0.0099,0.07101,1,0.0,1,360,right_elbow_link|torso_link;right_wrist_roll_link|torso_link
0.3,7,5,0.2858,-0.0242,0.0559,7e-05,0.2853,-0.0256,0.0541,0.0023,0.01239,1,0.0,1,218,right_elbow_link|torso_link;right_shoulder_yaw_link|torso_link;right_wrist_roll_link|torso_link
0.3,7,6,0.2756,-0.069,0.063,8e-05,0.2757,-0.0689,0.063,0.0001,0.0,1,0.0,1,3,right_elbow_link|torso_link
0.3,7,7,0.2586,-0.1049,0.075,0.0001,0.2587,-0.1049,0.0749,0.0001,0.0,0,0.0,0,0,
0.3,7,8,0.2391,-0.1309,0.0886,4e-05,0.2391,-0.1309,0.0886,0.0,0.0,0,0.0,0,0,
0.3,7,9,0.2202,-0.1483,0.1019,7e-05,0.2202,-0.1483,0.1018,0.0001,0.0,0,0.0,0,0,
0.3,8,0,0.2271,0.1627,0.0731,0.0001,0.2303,0.1347,0.0988,0.0382,0.25346,1,0.0,1,633,left_wrist_pitch_link|right_hand_Link2_2;left_wrist_pitch_link|right_hand_Link2_3;left_wrist_yaw_link|right_hand_Link2_2;right_elbow_link|torso_link
0.3,8,1,0.2475,0.1441,0.0555,3e-05,0.2535,0.109,0.0194,0.0507,0.21668,1,0.00033,1,610,left_wrist_pitch_link|right_hand_Link2_2;left_wrist_yaw_link|right_hand_Link2_2;left_wrist_yaw_link|right_hand_Link2_3;right_elbow_link|torso_link
0.3,8,2,0.2685,0.1158,0.0374,0.0001,0.2596,0.0804,-0.0095,0.0594,0.19802,1,0.00029,1,414,right_elbow_link|torso_link;right_wrist_roll_link|torso_link
0.3,8,3,0.2866,0.0762,0.0218,9e-05,0.2825,0.0537,-0.0031,0.0338,0.13894,1,0.0,1,330,right_elbow_link|torso_link;right_shoulder_yaw_link|torso_link;right_wrist_roll_link|torso_link
0.3,8,4,0.2974,0.0267,0.0125,8e-05,0.2925,0.0144,-0.002,0.0196,0.08168,1,5e-05,1,194,right_elbow_link|torso_link;right_shoulder_yaw_link|torso_link;right_wrist_roll_link|torso_link
0.3,8,5,0.2974,-0.0267,0.0125,7e-05,0.295,-0.0311,0.0073,0.0072,0.03799,1,0.0,1,66,right_shoulder_yaw_link|torso_link
0.3,8,6,0.2866,-0.0762,0.0218,7e-05,0.2866,-0.0761,0.0218,0.0001,0.0,1,0.0,0,0,right_elbow_link|torso_link;right_shoulder_yaw_link|torso_link
0.3,8,7,0.2685,-0.1158,0.0374,8e-05,0.2685,-0.1158,0.0374,0.0,0.0,0,0.0,0,0,
0.3,8,8,0.2475,-0.1441,0.0555,3e-05,0.2476,-0.1441,0.0555,0.0001,0.0,0,0.0,0,0,
0.3,8,9,0.2271,-0.1627,0.0731,5e-05,0.2272,-0.1627,0.0731,0.0001,0.0,0,0.0,0,0,
0.3,9,0,0.2314,0.1755,0.0424,4e-05,0.2417,0.1399,0.0052,0.0525,0.24113,1,0.0013,1,688,left_hand_base_link|right_hand_Link1_2;left_hand_base_link|right_hand_Link1_3;left_wrist_pitch_link|right_hand_Link2_2;left_wrist_pitch_link|right_hand_Link2_3;left_wrist_pitch_link|right_hand_base_link;left_wrist_yaw_link|right_hand_Link1_2;left_wrist_yaw_link|right_hand_Link1_3;right_elbow_link|torso_link
0.3,9,1,0.2523,0.1553,0.0207,5e-05,0.2626,0.1085,-0.0222,0.0643,0.2392,1,0.0,1,482,right_elbow_link|torso_link
0.3,9,2,0.2735,0.1246,-0.0014,5e-05,0.2778,0.0887,-0.0258,0.0436,0.20516,1,0.0,1,376,right_elbow_link|torso_link;right_shoulder_yaw_link|torso_link
0.3,9,3,0.2916,0.0817,-0.0202,4e-05,0.2937,0.0449,-0.0206,0.0369,0.16349,1,4e-05,1,248,right_elbow_link|torso_link;right_shoulder_yaw_link|torso_link
0.3,9,4,0.3023,0.0286,-0.0314,9e-05,0.3027,0.0086,-0.0198,0.0231,0.1311,1,2e-05,1,108,right_elbow_link|torso_link;right_shoulder_yaw_link|torso_link
0.3,9,5,0.3023,-0.0286,-0.0314,8e-05,0.3024,-0.0375,-0.0208,0.0138,0.07661,1,1e-05,0,0,right_shoulder_yaw_link|torso_link
0.3,9,6,0.2916,-0.0817,-0.0202,7e-05,0.2913,-0.0824,-0.0209,0.0011,0.0053,1,0.0,0,0,right_shoulder_yaw_link|torso_link
0.3,9,7,0.2735,-0.1246,-0.0014,8e-05,0.2736,-0.1246,-0.0014,0.0001,0.0,0,0.0,0,0,
0.3,9,8,0.2523,-0.1553,0.0207,9e-05,0.2524,-0.1553,0.0206,0.0001,0.0,0,0.0,0,0,
0.3,9,9,0.2314,-0.1755,0.0424,4e-05,0.2315,-0.1755,0.0424,0.0001,0.0,0,0.0,0,0,
0.35,0,0,0.2111,0.1062,0.2174,6e-05,0.2087,0.1072,0.2051,0.0125,0.09823,1,0.0,1,182,right_elbow_link|torso_link
0.35,0,1,0.2185,0.0873,0.2184,6e-05,0.2161,0.0889,0.2086,0.0102,0.08167,1,0.0,1,156,right_elbow_link|torso_link
0.35,0,2,0.2251,0.0653,0.2193,7e-05,0.2349,0.0536,0.2118,0.017,0.05217,1,1e-05,1,118,right_elbow_link|torso_link
0.35,0,3,0.2302,0.0406,0.2199,8e-05,0.2304,0.0403,0.2175,0.0024,0.02188,1,5e-05,1,104,right_elbow_link|torso_link;right_wrist_roll_link|torso_link
0.35,0,4,0.233,0.0138,0.2203,0.0001,0.233,0.0139,0.2201,0.0003,0.00227,1,6e-05,1,70,right_elbow_link|torso_link;right_wrist_roll_link|torso_link
0.35,0,5,0.233,-0.0138,0.2203,4e-05,0.233,-0.0138,0.2203,0.0001,0.0,1,0.0,1,26,right_elbow_link|torso_link
0.35,0,6,0.2302,-0.0406,0.2199,5e-05,0.2303,-0.0405,0.22,0.0001,0.0,0,0.0,0,0,
0.35,0,7,0.2251,-0.0653,0.2193,7e-05,0.2252,-0.0653,0.2193,0.0001,0.0,0,0.0,0,0,
0.35,0,8,0.2185,-0.0873,0.2184,9e-05,0.2186,-0.0873,0.2184,0.0001,0.0,0,0.0,0,0,
0.35,0,9,0.2111,-0.1062,0.2174,5e-05,0.2111,-0.1062,0.2174,0.0,0.0,0,0.0,0,0,
0.35,1,0,0.2198,0.1172,0.2054,5e-05,0.2184,0.1163,0.1901,0.0154,0.11363,1,0.0,1,226,right_elbow_link|torso_link
0.35,1,1,0.2291,0.0972,0.2057,6e-05,0.2272,0.0977,0.1946,0.0112,0.09532,1,0.0,1,208,right_elbow_link|torso_link
0.35,1,2,0.2376,0.0734,0.2061,6e-05,0.2357,0.0744,0.1977,0.0086,0.07268,1,0.0,1,162,right_elbow_link|torso_link
0.35,1,3,0.2442,0.0459,0.2063,7e-05,0.2441,0.0453,0.2014,0.0049,0.03649,1,0.0,1,138,right_elbow_link|torso_link;right_wrist_roll_link|torso_link
0.35,1,4,0.2479,0.0156,0.2065,8e-05,0.2475,0.0162,0.2053,0.0014,0.01151,1,1e-05,1,108,right_elbow_link|torso_link;right_wrist_roll_link|torso_link
0.35,1,5,0.2479,-0.0156,0.2065,0.0001,0.248,-0.0156,0.2065,0.0001,0.0,1,0.0,1,62,right_elbow_link|torso_link;right_wrist_roll_link|torso_link
0.35,1,6,0.2442,-0.0459,0.2063,4e-05,0.2443,-0.0459,0.2063,0.0001,0.0,0,0.0,0,0,
0.35,1,7,0.2376,-0.0734,0.2061,5e-05,0.2376,-0.0734,0.2061,0.0001,0.0,0,0.0,0,0,
0.35,1,8,0.2291,-0.0972,0.2057,8e-05,0.2292,-0.0972,0.2058,0.0001,0.0,0,0.0,0,0,
0.35,1,9,0.2198,-0.1172,0.2054,4e-05,0.2198,-0.1172,0.2054,0.0001,0.0,0,0.0,0,0,
0.35,2,0,0.2291,0.1294,0.1907,5e-05,0.2293,0.1256,0.1715,0.0196,0.1313,1,0.0,1,266,right_elbow_link|torso_link
0.35,2,1,0.2406,0.1084,0.1899,5e-05,0.2398,0.1065,0.1757,0.0144,0.11276,1,0.0,1,252,right_elbow_link|torso_link
0.35,2,2,0.2514,0.0827,0.1893,6e-05,0.25,0.0824,0.1794,0.01,0.08854,1,0.0,1,224,right_elbow_link|torso_link
0.35,2,3,0.2601,0.0521,0.1887,6e-05,0.2613,0.0488,0.1819,0.0076,0.049,1,0.0,1,196,right_elbow_link|torso_link
0.35,2,4,0.265,0.0178,0.1884,7e-05,0.2644,0.0184,0.1862,0.0024,0.02043,1,0.0,1,160,right_elbow_link|torso_link;right_wrist_roll_link|torso_link
0.35,2,5,0.265,-0.0178,0.1884,8e-05,0.2651,-0.0178,0.1884,0.0001,0.0,1,0.0,1,110,right_elbow_link|torso_link;right_wrist_roll_link|torso_link
0.35,2,6,0.2601,-0.0521,0.1887,3e-05,0.2602,-0.0521,0.1887,0.0001,0.0,0,0.0,0,0,
0.35,2,7,0.2514,-0.0827,0.1893,4e-05,0.2515,-0.0827,0.1893,0.0001,0.0,0,0.0,0,0,
0.35,2,8,0.2406,-0.1084,0.1899,6e-05,0.2407,-0.1084,0.19,0.0001,0.0,0,0.0,0,0,
0.35,2,9,0.2291,-0.1294,0.1907,9e-05,0.2292,-0.1294,0.1907,0.0001,0.0,0,0.0,0,0,
0.35,3,0,0.2386,0.1428,0.1728,5e-05,0.2413,0.1422,0.1724,0.0028,0.13738,1,0.0,1,280,right_elbow_link|torso_link;right_shoulder_yaw_link|torso_link
0.35,3,1,0.2527,0.121,0.1704,5e-05,0.253,0.1124,0.1442,0.0275,0.14104,1,0.0,1,322,right_elbow_link|torso_link
0.35,3,2,0.2663,0.0932,0.1681,5e-05,0.2656,0.0885,0.1513,0.0175,0.11065,1,1e-05,1,272,right_elbow_link|torso_link
0.35,3,3,0.2775,0.0593,0.1662,6e-05,0.2764,0.0579,0.158,0.0084,0.07218,1,0.0,1,272,right_elbow_link|torso_link
0.35,3,4,0.2839,0.0204,0.1651,6e-05,0.2827,0.0198,0.1598,0.0054,0.03147,1,0.0,1,202,right_elbow_link|torso_link
0.35,3,5,0.2839,-0.0204,0.1651,7e-05,0.2839,-0.0204,0.1651,0.0001,0.0,1,0.0,1,152,right_elbow_link|torso_link;right_shoulder_yaw_link|torso_link;right_wrist_roll_link|torso_link
0.35,3,6,0.2775,-0.0593,0.1662,8e-05,0.2775,-0.0592,0.1662,0.0001,0.0,0,0.0,0,0,
0.35,3,7,0.2663,-0.0932,0.1681,3e-05,0.2663,-0.0932,0.1681,0.0,0.0,0,0.0,0,0,
0.35,3,8,0.2527,-0.121,0.1704,5e-05,0.2528,-0.121,0.1704,0.0001,0.0,0,0.0,0,0,
0.35,3,9,0.2386,-0.1428,0.1728,7e-05,0.2387,-0.1428,0.1729,0.0001,0.0,0,0.0,0,0,
0.35,4,0,0.248,0.1571,0.1516,6e-05,0.2547,0.1465,0.1335,0.022,0.15414,1,0.0,1,352,right_elbow_link|torso_link;right_shoulder_yaw_link|torso_link
0.35,4,1,0.2648,0.1344,0.1468,6e-05,0.2703,0.128,0.1398,0.0109,0.13052,1,1e-05,1,316,right_elbow_link|torso_link;right_shoulder_yaw_link|torso_link
0.35,4,2,0.2814,0.1046,0.142,6e-05,0.2819,0.0941,0.1199,0.0244,0.12776,1,0.0,1,298,right_elbow_link|torso_link
0.35,4,3,0.2953,0.0671,0.138,5e-05,0.293,0.0595,0.1188,0.0207,0.09124,1,0.00011,1,306,right_elbow_link|torso_link
0.35,4,4,0.3035,0.0232,0.1356,5e-05,0.3021,0.0209,0.1284,0.0077,0.04164,1,0.0,1,216,right_elbow_link|torso_link;right_shoulder_yaw_link|torso_link
0.35,4,5,0.3035,-0.0232,0.1356,6e-05,0.3035,-0.0232,0.1356,0.0,0.0,1,0.0,1,156,right_elbow_link|torso_link;right_shoulder_yaw_link|torso_link
0.35,4,6,0.2953,-0.0671,0.138,7e-05,0.2954,-0.0671,0.138,0.0001,0.0,1,0.0,0,0,right_shoulder_yaw_link|torso_link
0.35,4,7,0.2814,-0.1046,0.142,9e-05,0.2815,-0.1046,0.142,0.0001,0.0,0,0.0,0,0,
0.35,4,8,0.2648,-0.1344,0.1468,4e-05,0.2648,-0.1344,0.1468,0.0001,0.0,0,0.0,0,0,
0.35,4,9,0.248,-0.1571,0.1516,5e-05,0.2481,-0.1571,0.1516,0.0001,0.0,0,0.0,0,0,
0.35,5,0,0.2566,0.1718,0.1268,7e-05,0.2483,0.152,0.1199,0.0226,0.1969,1,0.00038,1,428,left_hand_base_link|right_hand_Link1_2;left_hand_base_link|right_hand_Link1_3;right_elbow_link|torso_link;right_shoulder_yaw_link|torso_link
0.35,5,1,0.276,0.1483,0.1188,6e-05,0.273,0.1325,0.0988,0.0257,0.1755,1,0.00059,1,388,left_hand_base_link|right_hand_Link2_2;left_hand_base_link|right_hand_Link2_3;left_wrist_yaw_link|right_hand_Link2_2;right_elbow_link|torso_link;right_shoulder_yaw_link|torso_link
0.35,5,2,0.2955,0.1165,0.1107,6e-05,0.3006,0.0984,0.0886,0.029,0.15451,1,0.0,1,320,right_elbow_link|torso_link;right_shoulder_yaw_link|torso_link
0.35,5,3,0.3122,0.0753,0.1038,6e-05,0.3103,0.0615,0.0811,0.0266,0.10542,1,0.0,1,348,right_elbow_link|torso_link;right_shoulder_yaw_link|torso_link
0.35,5,4,0.322,0.0262,0.0997,5e-05,0.3203,0.0199,0.0891,0.0124,0.06006,1,1e-05,1,278,right_elbow_link|torso_link;right_shoulder_yaw_link|torso_link
0.35,5,5,0.322,-0.0262,0.0997,5e-05,0.3214,-0.0275,0.0971,0.003,0.01916,1,0.0,1,124,right_elbow_link|torso_link;right_shoulder_yaw_link|torso_link
0.35,5,6,0.3122,-0.0753,0.1038,6e-05,0.3122,-0.0753,0.1038,0.0,0.0,1,0.0,0,0,right_shoulder_yaw_link|torso_link
0.35,5,7,0.2955,-0.1165,0.1107,7e-05,0.2956,-0.1165,0.1107,0.0001,0.0,0,0.0,0,0,
0.35,5,8,0.276,-0.1483,0.1188,9e-05,0.2761,-0.1483,0.1188,0.0001,0.0,0,0.0,0,0,
0.35,5,9,0.2566,-0.1718,0.1268,4e-05,0.2566,-0.1718,0.1268,0.0,0.0,0,0.0,0,0,
0.35,6,0,0.2637,0.1862,0.0987,8e-05,0.2782,0.1487,0.1117,0.0423,0.22715,1,0.01066,1,438,left_hand_base_link|right_hand_Link1_2;left_hand_base_link|right_hand_Link1_3;left_hand_base_link|right_hand_Link2_2;left_hand_base_link|right_hand_Link2_3;left_wrist_pitch_link|right_hand_Link2_2;left_wrist_yaw_link|right_hand_Link2_2;left_wrist_yaw_link|right_hand_Link2_3;right_shoulder_yaw_link|torso_link
0.35,6,1,0.2854,0.1619,0.0868,7e-05,0.2903,0.1294,0.0648,0.0396,0.22387,1,0.02907,1,424,left_hand_Link1_2|right_hand_Link1_2;left_hand_Link1_2|right_hand_Link1_3;left_hand_base_link|right_hand_Link2_2;left_hand_base_link|right_hand_Link2_3;left_wrist_yaw_link|right_hand_Link2_2;right_shoulder_yaw_link|torso_link
0.35,6,2,0.3073,0.128,0.0747,6e-05,0.3085,0.0888,0.0262,0.0624,0.19652,1,0.0,1,430,right_elbow_link|torso_link;right_shoulder_yaw_link|torso_link
0.35,6,3,0.3262,0.0832,0.0642,6e-05,0.3253,0.055,0.0326,0.0424,0.14915,1,0.0,1,340,right_shoulder_yaw_link|torso_link
0.35,6,4,0.3375,0.029,0.058,5e-05,0.3357,0.0139,0.0423,0.0219,0.09231,1,3e-05,1,246,right_shoulder_yaw_link|torso_link
0.35,6,5,0.3375,-0.029,0.058,5e-05,0.3364,-0.034,0.0531,0.0071,0.03931,1,0.0,1,84,right_shoulder_yaw_link|torso_link
0.35,6,6,0.3262,-0.0832,0.0642,5e-05,0.3263,-0.0832,0.0642,0.0001,0.00013,1,1e-05,0,0,right_shoulder_yaw_link|torso_link
0.35,6,7,0.3073,-0.128,0.0747,6e-05,0.3074,-0.128,0.0747,0.0001,0.0,1,0.0,0,0,right_shoulder_yaw_link|torso_link
0.35,6,8,0.2854,-0.1619,0.0868,8e-05,0.2855,-0.1619,0.0868,0.0001,0.0,0,0.0,0,0,
0.35,6,9,0.2637,-0.1862,0.0987,3e-05,0.2637,-0.1862,0.0987,0.0001,0.0,0,0.0,0,0,
0.35,7,0,0.2688,0.1997,0.0678,6e-05,0.203,0.1847,0.1144,0.082,0.48028,1,0.01704,1,300,left_hand_base_link|right_hand_Link1_2;left_wrist_pitch_link|right_hand_Link2_2;left_wrist_pitch_link|right_hand_Link2_3;left_wrist_pitch_link|right_hand_base_link;left_wrist_roll_link|right_hand_Link2_2;left_wrist_yaw_link|right_hand_Link1_2;left_wrist_yaw_link|right_hand_Link1_3;left_wrist_yaw_link|right_hand_Link2_2;right_shoulder_yaw_link|torso_link
0.35,7,1,0.292,0.1744,0.0516,4e-05,0.2712,0.1543,0.0773,0.0387,0.32072,1,0.03448,1,320,left_hand_Link1_1|right_hand_Link1_2;left_hand_Link2_1|right_hand_Link1_2;left_hand_Link2_1|right_hand_Link1_3;left_hand_base_link|right_hand_Link1_2;left_hand_base_link|right_hand_Link1_3;left_hand_base_link|right_hand_Link2_2;left_hand_base_link|right_hand_Link2_3;left_wrist_pitch_link|right_hand_Link1_1;left_wrist_pitch_link|right_hand_Link2_1;left_wrist_pitch_link|right_hand_Link2_2;left_wrist_pitch_link|right_hand_Link2_3;left_wrist_yaw_link|right_hand_Link2_2;left_wrist_yaw_link|right_hand_Link2_3;right_shoulder_yaw_link|torso_link
0.35,7,2,0.3156,0.1384,0.0351,6e-05,0.3262,0.0756,-0.0167,0.0821,0.25083,1,0.0,1,354,right_shoulder_yaw_link|torso_link
0.35,7,3,0.3359,0.0902,0.0209,6e-05,0.3383,0.0404,-0.0182,0.0634,0.19627,1,0.0,1,238,right_shoulder_yaw_link|torso_link
0.35,7,4,0.3479,0.0315,0.0124,9e-05,0.3472,0.0024,-0.0077,0.0354,0.1252,1,0.0,1,156,right_shoulder_yaw_link|torso_link
0.35,7,5,0.3479,-0.0315,0.0124,4e-05,0.3467,-0.0424,0.0058,0.0128,0.05693,1,0.0,0,0,right_shoulder_yaw_link|torso_link
0.35,7,6,0.3359,-0.0902,0.0209,5e-05,0.3357,-0.0909,0.0204,0.0009,0.00531,1,0.0,0,0,right_shoulder_yaw_link|torso_link
0.35,7,7,0.3156,-0.1384,0.0351,5e-05,0.3156,-0.1384,0.0351,0.0,0.0,1,0.0,0,0,right_shoulder_yaw_link|torso_link
0.35,7,8,0.292,-0.1744,0.0516,6e-05,0.292,-0.1744,0.0516,0.0001,0.0,0,0.0,0,0,
0.35,7,9,0.2688,-0.1997,0.0678,9e-05,0.2689,-0.1997,0.0678,0.0001,0.0,0,0.0,0,0,
0.35,8,1,0.2952,0.1851,0.0144,0.0001,0.3438,0.104,-0.0195,0.1004,0.30598,1,0.0,1,252,right_shoulder_yaw_link|torso_link
0.35,8,2,0.3193,0.1471,-0.0065,6e-05,0.3502,0.0669,-0.0293,0.0889,0.28645,1,0.0,1,234,right_shoulder_yaw_link|torso_link
0.35,8,3,0.34,0.0958,-0.0243,9e-05,0.3618,0.0376,-0.0304,0.0624,0.2228,1,0.0,1,168,right_shoulder_yaw_link|torso_link
0.35,8,4,0.3522,0.0335,-0.0348,7e-05,0.3645,-0.0079,-0.0282,0.0437,0.15637,1,1e-05,1,34,right_shoulder_yaw_link|torso_link
0.35,8,5,0.3522,-0.0335,-0.0348,6e-05,0.3551,-0.0492,-0.0254,0.0186,0.07269,1,1e-05,0,0,right_shoulder_yaw_link|torso_link
0.35,8,6,0.34,-0.0958,-0.0243,4e-05,0.3398,-0.0973,-0.0248,0.0016,0.00715,1,0.0,0,0,right_shoulder_yaw_link|torso_link
0.35,8,7,0.3193,-0.1471,-0.0065,5e-05,0.3194,-0.1471,-0.0065,0.0001,0.0,0,0.0,0,0,
0.35,8,8,0.2952,-0.1851,0.0144,6e-05,0.2953,-0.1851,0.0143,0.0001,0.0,0,0.0,0,0,
0.35,8,9,0.2713,-0.2116,0.0349,7e-05,0.2714,-0.2116,0.0349,0.0001,0.0,0,0.0,0,0,
0.35,9,1,0.2948,0.1936,-0.0235,9e-05,0.3851,0.1003,-0.0153,0.1301,0.32281,1,3e-05,1,96,right_shoulder_yaw_link|torso_link
0.35,9,2,0.3185,0.1535,-0.0482,7e-05,0.3807,0.0661,-0.0295,0.1089,0.30638,1,5e-05,1,112,right_shoulder_yaw_link|torso_link
0.35,9,3,0.3385,0.0998,-0.069,7e-05,0.3848,0.0332,-0.0247,0.0924,0.32823,1,0.0,1,100,right_shoulder_yaw_link|torso_link
0.35,9,4,0.3502,0.0348,-0.0812,9e-05,0.3846,-0.0056,-0.0242,0.0779,0.30463,1,0.0,1,42,right_shoulder_yaw_link|torso_link
0.35,9,5,0.3502,-0.0348,-0.0812,6e-05,0.3705,-0.0575,-0.0212,0.0673,0.30462,1,0.0,0,0,right_shoulder_yaw_link|torso_link
0.35,9,6,0.3385,-0.0998,-0.069,8e-05,0.3518,-0.1052,-0.0209,0.0502,0.21563,1,0.0,0,0,right_shoulder_yaw_link|torso_link
0.35,9,7,0.3185,-0.1535,-0.0482,5e-05,0.3244,-0.1545,-0.0239,0.025,0.10425,0,0.0,0,0,
0.35,9,8,0.2948,-0.1936,-0.0235,6e-05,0.2949,-0.1936,-0.0236,0.0001,0.0,0,0.0,0,0,
0.35,9,9,0.2712,-0.2215,0.0011,7e-05,0.2712,-0.2215,0.001,0.0001,0.0,0,0.0,0,0,
0.4,0,0,0.2617,0.1472,0.2241,4e-05,0.269,0.136,0.1898,0.0368,0.13975,1,0.0,1,188,right_shoulder_yaw_link|torso_link
0.4,0,1,0.2732,0.1217,0.2256,4e-05,0.2777,0.1132,0.1967,0.0305,0.11859,1,0.0,1,194,right_shoulder_yaw_link|torso_link
0.4,0,2,0.2835,0.0916,0.227,4e-05,0.2857,0.0865,0.2067,0.021,0.09234,1,1e-05,1,152,right_shoulder_yaw_link|torso_link
0.4,0,3,0.2916,0.0571,0.2281,4e-05,0.2921,0.055,0.2162,0.0121,0.06156,1,1e-05,1,138,right_shoulder_yaw_link|torso_link
0.4,0,4,0.296,0.0194,0.2287,5e-05,0.2959,0.0192,0.2249,0.0038,0.0227,1,0.0,1,100,right_shoulder_yaw_link|torso_link
0.4,0,5,0.296,-0.0194,0.2287,5e-05,0.296,-0.0194,0.2287,0.0,0.0,1,0.0,1,44,right_shoulder_yaw_link|torso_link
0.4,0,6,0.2916,-0.0571,0.2281,6e-05,0.2916,-0.0571,0.2281,0.0,0.0,0,0.0,0,0,
0.4,0,7,0.2835,-0.0916,0.227,8e-05,0.2836,-0.0916,0.227,0.0001,0.0,0,0.0,0,0,
0.4,0,8,0.2732,-0.1217,0.2256,3e-05,0.2732,-0.1217,0.2257,0.0001,0.0,0,0.0,0,0,
0.4,0,9,0.2617,-0.1472,0.2241,4e-05,0.2618,-0.1472,0.2241,0.0001,0.0,0,0.0,0,0,
0.4,1,0,0.2709,0.16,0.2073,3e-05,0.2811,0.1424,0.1659,0.0461,0.16532,1,0.0,1,196,right_shoulder_yaw_link|torso_link
0.4,1,1,0.2846,0.1334,0.2079,4e-05,0.2913,0.119,0.172,0.0392,0.14469,1,0.0,1,190,right_shoulder_yaw_link|torso_link
0.4,1,2,0.2973,0.1012,0.2084,4e-05,0.3008,0.0914,0.1821,0.0283,0.1166,1,0.0,1,160,right_shoulder_yaw_link|torso_link
0.4,1,3,0.3074,0.0635,0.2087,4e-05,0.3085,0.0585,0.1929,0.0166,0.08088,1,0.0,1,138,right_shoulder_yaw_link|torso_link
0.4,1,4,0.3131,0.0217,0.209,4e-05,0.3131,0.0201,0.2023,0.0069,0.04108,1,0.0,1,110,right_shoulder_yaw_link|torso_link
0.4,1,5,0.3131,-0.0217,0.209,5e-05,0.3131,-0.0217,0.2088,0.0002,0.00037,1,6e-05,1,68,right_shoulder_yaw_link|torso_link
0.4,1,6,0.3074,-0.0635,0.2087,6e-05,0.3075,-0.0635,0.2088,0.0001,0.0,0,0.0,0,0,
0.4,1,7,0.2973,-0.1012,0.2084,7e-05,0.2974,-0.1012,0.2084,0.0001,0.0,0,0.0,0,0,
0.4,1,8,0.2846,-0.1334,0.2079,9e-05,0.2847,-0.1334,0.2079,0.0001,0.0,0,0.0,0,0,
0.4,1,9,0.2709,-0.16,0.2073,4e-05,0.2709,-0.16,0.2074,0.0001,0.0,0,0.0,0,0,
0.4,2,0,0.2801,0.1737,0.1875,0.0001,0.2935,0.1457,0.1336,0.0622,0.19951,1,1e-05,1,220,left_hand_base_link|right_hand_Link2_2;left_hand_base_link|right_hand_Link2_3;right_shoulder_yaw_link|torso_link
0.4,2,1,0.2964,0.1461,0.1865,3e-05,0.3059,0.1259,0.1498,0.0429,0.16725,1,0.0,1,190,left_hand_base_link|right_hand_Link2_2;left_hand_base_link|right_hand_Link2_3;right_shoulder_yaw_link|torso_link
0.4,2,2,0.3119,0.1118,0.1855,4e-05,0.3174,0.095,0.1534,0.0366,0.14292,1,0.0,1,176,right_shoulder_yaw_link|torso_link
0.4,2,3,0.3244,0.0707,0.1847,4e-05,0.3265,0.0604,0.164,0.0232,0.10512,1,0.0,1,148,right_shoulder_yaw_link|torso_link
0.4,2,4,0.3315,0.0243,0.1843,4e-05,0.3318,0.0199,0.1744,0.0109,0.06108,1,0.0,1,126,right_shoulder_yaw_link|torso_link
0.4,2,5,0.3315,-0.0243,0.1843,4e-05,0.3314,-0.0249,0.1824,0.002,0.01478,1,0.0,1,60,right_shoulder_yaw_link|torso_link
0.4,2,6,0.3244,-0.0707,0.1847,5e-05,0.3245,-0.0707,0.1847,0.0001,0.0,1,0.0,0,0,right_shoulder_yaw_link|torso_link
0.4,2,7,0.3119,-0.1118,0.1855,6e-05,0.312,-0.1118,0.1855,0.0001,0.0,0,0.0,0,0,
0.4,2,8,0.2964,-0.1461,0.1865,8e-05,0.2965,-0.1461,0.1865,0.0001,0.0,0,0.0,0,0,
0.4,2,9,0.2801,-0.1737,0.1875,0.0001,0.2802,-0.1737,0.1875,0.0001,0.0,0,0.0,0,0,
0.4,3,0,0.289,0.1882,0.1642,4e-05,0.2993,0.1643,0.1439,0.0331,0.21306,1,0.00034,1,130,left_hand_base_link|right_hand_Link2_2;left_hand_base_link|right_hand_Link2_3;right_shoulder_yaw_link|torso_link
0.4,3,1,0.3081,0.1597,0.161,6e-05,0.3118,0.1363,0.1609,0.0237,0.18762,1,0.00013,1,120,left_hand_base_link|right_hand_Link2_2;left_hand_base_link|right_hand_Link2_3;right_shoulder_yaw_link|torso_link
0.4,3,2,0.3266,0.1233,0.1578,8e-05,0.3352,0.0967,0.1208,0.0464,0.16884,1,0.0,1,182,right_shoulder_yaw_link|torso_link
0.4,3,3,0.3418,0.0786,0.1552,0.0001,0.3457,0.0598,0.1293,0.0322,0.13228,1,0.0,1,148,right_shoulder_yaw_link|torso_link
0.4,3,4,0.3506,0.0271,0.1537,3e-05,0.3514,0.0177,0.1407,0.016,0.08173,1,0.0,1,112,right_shoulder_yaw_link|torso_link
0.4,3,5,0.3506,-0.0271,0.1537,4e-05,0.3505,-0.0294,0.1502,0.0042,0.02947,1,0.0,1,42,right_shoulder_yaw_link|torso_link
0.4,3,6,0.3418,-0.0786,0.1552,4e-05,0.3419,-0.0786,0.1552,0.0001,0.0,1,0.0,0,0,right_shoulder_yaw_link|torso_link
0.4,3,7,0.3266,-0.1233,0.1578,5e-05,0.3266,-0.1233,0.1578,0.0,0.0,0,0.0,0,0,
0.4,3,8,0.3081,-0.1597,0.161,6e-05,0.3081,-0.1597,0.161,0.0,0.0,0,0.0,0,0,
0.4,3,9,0.289,-0.1882,0.1642,8e-05,0.2891,-0.1882,0.1642,0.0001,0.0,0,0.0,0,0,
0.4,4,1,0.3188,0.1737,0.1312,7e-05,0.3515,0.1238,0.1011,0.0668,0.22675,1,0.0,1,102,left_hand_base_link|right_hand_Link2_2;left_hand_base_link|right_hand_Link2_3;right_shoulder_yaw_link|torso_link
0.4,4,2,0.3403,0.1352,0.125,6e-05,0.3573,0.1007,0.0999,0.0459,0.18773,1,1e-05,1,90,right_shoulder_yaw_link|torso_link
0.4,4,3,0.3584,0.0868,0.1198,7e-05,0.3648,0.0571,0.0906,0.0421,0.15196,1,0.0,1,162,right_shoulder_yaw_link|torso_link
0.4,4,4,0.369,0.03,0.1167,6e-05,0.371,0.0126,0.101,0.0235,0.10399,1,0.0,1,110,right_shoulder_yaw_link|torso_link
0.4,4,5,0.369,-0.03,0.1167,9e-05,0.3691,-0.0358,0.1119,0.0075,0.04411,1,0.0,1,22,right_shoulder_yaw_link|torso_link
0.4,4,6,0.3584,-0.0868,0.1198,3e-05,0.3585,-0.0868,0.1198,0.0001,0.0,1,0.0,0,0,right_shoulder_yaw_link|torso_link
0.4,4,7,0.3403,-0.1352,0.125,4e-05,0.3404,-0.1352,0.125,0.0001,0.0,0,0.0,0,0,
0.4,4,8,0.3188,-0.1737,0.1312,5e-05,0.3189,-0.1737,0.1312,0.0001,0.0,0,0.0,0,0,
0.4,4,9,0.297,-0.2029,0.1375,7e-05,0.2971,-0.203,0.1375,0.0001,0.0,0,0.0,0,0,
0.4,5,1,0.3278,0.1875,0.0973,5e-05,0.3036,0.1814,0.1475,0.056,0.33468,1,0.0,1,108,left_hand_base_link|right_hand_Link2_1;left_hand_base_link|right_hand_Link2_2;left_hand_base_link|right_hand_Link2_3;right_shoulder_yaw_link|torso_link
0.4,5,2,0.352,0.147,0.0873,7e-05,0.384,0.0939,0.0719,0.0639,0.21559,1,0.00037,1,66,left_hand_Link1_2|right_hand_Link2_2;right_shoulder_yaw_link|torso_link
0.4,5,3,0.3727,0.0949,0.0787,8e-05,0.3827,0.0504,0.0473,0.0554,0.17158,1,0.0,1,110,right_shoulder_yaw_link|torso_link
0.4,5,4,0.3848,0.0329,0.0737,6e-05,0.3881,0.0078,0.0582,0.0297,0.10838,1,0.0,1,118,right_shoulder_yaw_link|torso_link
0.4,5,5,0.3848,-0.0329,0.0737,7e-05,0.3853,-0.0436,0.0682,0.012,0.05552,1,0.0,0,0,right_shoulder_yaw_link|torso_link
0.4,5,6,0.3727,-0.0949,0.0787,7e-05,0.3727,-0.0949,0.0787,0.0,0.0,1,0.0,0,0,right_shoulder_yaw_link|torso_link
0.4,5,7,0.352,-0.147,0.0873,3e-05,0.3521,-0.147,0.0873,0.0001,0.0,0,0.0,0,0,
0.4,5,8,0.3278,-0.1875,0.0973,4e-05,0.3279,-0.1875,0.0973,0.0001,0.0,0,0.0,0,0,
0.4,5,9,0.3036,-0.2175,0.1073,6e-05,0.3037,-0.2175,0.1073,0.0001,0.0,0,0.0,0,0,
0.4,6,2,0.3604,0.1579,0.0454,8e-05,0.3428,0.1546,0.0395,0.0188,0.47428,1,0.02975,1,80,left_hand_Link1_1|right_hand_Link2_2;left_hand_Link1_1|right_hand_Link2_3;left_hand_Link1_2|right_hand_Link1_2;left_hand_Link1_2|right_hand_Link1_3;left_hand_Link1_3|right_hand_Link1_2;left_hand_Link1_3|right_hand_Link1_3;left_hand_Link2_1|right_hand_Link2_2;left_hand_Link2_1|right_hand_Link2_3;left_hand_Link2_2|right_hand_Link2_2;left_hand_base_link|right_hand_Link2_2;left_hand_base_link|right_hand_Link2_3;right_shoulder_yaw_link|torso_link
0.4,6,3,0.3829,0.1023,0.033,7e-05,0.4019,0.0437,0.0096,0.0659,0.18268,1,0.0,1,60,right_shoulder_yaw_link|torso_link
0.4,6,4,0.3962,0.0356,0.0257,9e-05,0.4016,0.0023,0.0116,0.0365,0.10849,1,0.0,1,100,right_shoulder_yaw_link|torso_link
0.4,6,5,0.3962,-0.0356,0.0257,5e-05,0.3971,-0.0484,0.0215,0.0135,0.04858,1,2e-05,0,0,right_shoulder_yaw_link|torso_link
0.4,6,6,0.3829,-0.1023,0.033,8e-05,0.383,-0.1023,0.033,0.0001,0.0,1,0.0,0,0,right_shoulder_yaw_link|torso_link
0.4,6,7,0.3604,-0.1579,0.0454,8e-05,0.3605,-0.1579,0.0454,0.0001,0.0,0,0.0,0,0,
0.4,6,8,0.3342,-0.2004,0.0598,4e-05,0.3342,-0.2004,0.0598,0.0001,0.0,0,0.0,0,0,
0.4,6,9,0.3082,-0.2312,0.0742,5e-05,0.3082,-0.2313,0.0742,0.0001,0.0,0,0.0,0,0,
0.4,7,2,0.3646,0.1672,0.0008,9e-05,0.4143,0.0669,-0.0263,0.1152,0.25962,1,1e-05,1,54,right_shoulder_yaw_link|torso_link
0.4,7,3,0.3879,0.1085,-0.0156,0.0001,0.4166,0.0415,-0.0276,0.0739,0.17098,1,3e-05,1,84,right_shoulder_yaw_link|torso_link
0.4,7,4,0.4017,0.0378,-0.0253,6e-05,0.4094,-0.0005,-0.0361,0.0405,0.09854,1,0.0,1,62,right_shoulder_yaw_link|torso_link
0.4,7,5,0.4017,-0.0378,-0.0253,7e-05,0.4028,-0.0492,-0.0277,0.0117,0.03338,1,0.0,1,22,right_shoulder_yaw_link|torso_link
0.4,7,6,0.3879,-0.1085,-0.0156,6e-05,0.3878,-0.1086,-0.0156,0.0001,0.0,1,0.0,0,0,right_shoulder_yaw_link|torso_link
0.4,7,7,0.3646,-0.1672,0.0008,9e-05,0.3646,-0.1672,0.0007,0.0001,0.0,0,0.0,0,0,
0.4,7,8,0.3373,-0.2117,0.0198,3e-05,0.3373,-0.2117,0.0198,0.0001,0.0,0,0.0,0,0,
0.4,7,9,0.3103,-0.2436,0.0388,4e-05,0.3103,-0.2436,0.0388,0.0001,0.0,0,0.0,0,0,
0.4,8,2,0.3639,0.1744,-0.0449,0.00155,0.4417,0.0688,-0.0293,0.1321,0.27575,1,0.00014,0,0,right_shoulder_roll_link|torso_link;right_shoulder_yaw_link|torso_link
0.4,8,3,0.387,0.1132,-0.0649,0.0001,0.4334,0.0671,-0.0338,0.0724,0.21135,1,0.0,0,0,right_shoulder_roll_link|torso_link;right_shoulder_yaw_link|torso_link
0.4,8,4,0.4007,0.0394,-0.0766,9e-05,0.4275,0.0309,-0.038,0.0477,0.16997,1,0.0,1,44,right_shoulder_yaw_link|torso_link
0.4,8,5,0.4007,-0.0394,-0.0766,7e-05,0.4191,-0.0371,-0.0323,0.048,0.20342,1,3e-05,1,50,right_shoulder_yaw_link|torso_link
0.4,8,6,0.387,-0.1132,-0.0649,6e-05,0.3991,-0.1116,-0.0277,0.0392,0.1644,0,0.0,0,0,
0.4,8,7,0.3639,-0.1744,-0.0449,9e-05,0.369,-0.1744,-0.0258,0.0198,0.08036,0,0.0,0,0,
0.4,8,8,0.3367,-0.2208,-0.0215,7e-05,0.3368,-0.2208,-0.0215,0.0001,0.0,0,0.0,0,0,
0.4,8,9,0.3096,-0.2539,0.0019,4e-05,0.3096,-0.2539,0.0019,0.0001,0.0,0,0.0,0,0,
0.4,9,2,0.3586,0.1793,-0.0899,0.02664,0.3815,0.1173,-0.0406,0.0825,0.4422,1,6e-05,0,0,right_shoulder_roll_link|torso_link;right_shoulder_yaw_link|torso_link
0.4,9,3,0.3805,0.1161,-0.1127,0.02235,0.4365,0.0602,-0.0334,0.112,0.32352,1,2e-05,0,0,right_shoulder_roll_link|torso_link;right_shoulder_yaw_link|torso_link
0.4,9,4,0.3934,0.0403,-0.1261,0.01002,0.4366,0.0462,-0.0299,0.1057,0.45648,1,0.0,1,6,right_shoulder_roll_link|torso_link;right_shoulder_yaw_link|torso_link
0.4,9,5,0.3934,-0.0403,-0.1261,0.0001,0.4428,-0.0243,-0.029,0.1101,0.47506,0,0.0,1,48,
0.4,9,6,0.3805,-0.1161,-0.1127,0.0001,0.4162,-0.116,-0.0221,0.0973,0.42036,0,0.0,0,0,
0.4,9,7,0.3586,-0.1793,-0.0899,8e-05,0.3805,-0.1749,-0.0204,0.073,0.31356,0,0.0,0,0,
0.4,9,8,0.3324,-0.2275,-0.0627,5e-05,0.3439,-0.2263,-0.0208,0.0435,0.18454,0,0.0,0,0,
0.4,9,9,0.3061,-0.262,-0.0353,4e-05,0.3091,-0.2627,-0.0223,0.0134,0.05193,0,0.0,0,0,
0.45,0,0,0.3087,0.1853,0.2304,6e-05,0.3346,0.157,0.2001,0.049,0.19899,1,0.00024,1,78,right_shoulder_yaw_link|torso_link
0.45,0,1,0.3241,0.1538,0.2324,8e-05,0.3392,0.1368,0.2207,0.0255,0.15192,1,0.0,1,82,right_shoulder_yaw_link|torso_link
0.45,0,2,0.338,0.1161,0.2342,5e-05,0.3455,0.1071,0.2329,0.0118,0.10963,1,0.0,1,92,right_shoulder_yaw_link|torso_link
0.45,0,3,0.3489,0.0726,0.2357,8e-05,0.3535,0.0654,0.2296,0.0105,0.08279,1,0.0,1,44,right_shoulder_yaw_link|torso_link
0.45,0,4,0.355,0.0247,0.2365,5e-05,0.3566,0.0209,0.2306,0.0072,0.04329,1,0.0,1,16,right_shoulder_yaw_link|torso_link
0.45,0,5,0.355,-0.0247,0.2365,8e-05,0.3552,-0.0252,0.2358,0.0009,0.00743,1,0.0,1,10,right_shoulder_yaw_link|torso_link
0.45,0,6,0.3489,-0.0726,0.2357,0.0001,0.349,-0.0726,0.2357,0.0001,0.0,1,0.0,0,0,right_shoulder_yaw_link|torso_link
0.45,0,7,0.338,-0.1161,0.2342,3e-05,0.3381,-0.1161,0.2343,0.0001,0.0,0,0.0,0,0,
0.45,0,8,0.3241,-0.1538,0.2324,4e-05,0.3241,-0.1538,0.2324,0.0,0.0,0,0.0,0,0,
0.45,0,9,0.3087,-0.1853,0.2304,5e-05,0.3088,-0.1853,0.2304,0.0001,0.0,0,0.0,0,0,
0.45,1,0,0.318,0.1995,0.2092,7e-05,0.3523,0.1604,0.1788,0.0603,0.22625,1,0.00012,1,58,right_shoulder_yaw_link|torso_link
0.45,1,1,0.336,0.1668,0.2098,9e-05,0.3571,0.1429,0.2022,0.0328,0.17256,1,0.0,1,60,right_shoulder_yaw_link|torso_link
0.45,1,2,0.3527,0.127,0.2105,4e-05,0.3657,0.1091,0.2029,0.0233,0.13293,1,9e-05,1,90,right_shoulder_yaw_link|torso_link
0.45,1,3,0.366,0.0799,0.211,9e-05,0.3721,0.0699,0.2086,0.0119,0.08865,1,0.0,1,60,right_shoulder_yaw_link|torso_link
0.45,1,4,0.3735,0.0273,0.2113,6e-05,0.3757,0.0211,0.2047,0.0093,0.0497,1,0.0,1,24,right_shoulder_yaw_link|torso_link
0.45,1,5,0.3735,-0.0273,0.2113,5e-05,0.3737,-0.0279,0.2107,0.0009,0.00644,1,2e-05,1,20,right_shoulder_yaw_link|torso_link
0.45,1,6,0.366,-0.0799,0.211,8e-05,0.3661,-0.0799,0.211,0.0001,0.0,1,0.0,0,0,right_shoulder_yaw_link|torso_link
0.45,1,7,0.3527,-0.127,0.2105,0.0001,0.3528,-0.127,0.2105,0.0001,0.0,0,0.0,0,0,
0.45,1,8,0.336,-0.1668,0.2098,4e-05,0.336,-0.1668,0.2099,0.0001,0.0,0,0.0,0,0,
0.45,1,9,0.318,-0.1995,0.2092,5e-05,0.3181,-0.1995,0.2092,0.0001,0.0,0,0.0,0,0,
0.45,2,1,0.3477,0.1808,0.1832,5e-05,0.3802,0.1356,0.1552,0.0624,0.21284,1,0.00015,1,70,right_shoulder_yaw_link|torso_link
0.45,2,2,0.3675,0.1387,0.182,5e-05,0.3864,0.112,0.1757,0.0333,0.15046,1,0.0,1,78,right_shoulder_yaw_link|torso_link
0.45,2,3,0.3836,0.0879,0.181,6e-05,0.3929,0.0714,0.1772,0.0193,0.10021,1,0.0,1,92,right_shoulder_yaw_link|torso_link
0.45,2,4,0.3928,0.0302,0.1804,5e-05,0.3957,0.0205,0.1733,0.0124,0.05624,1,0.0,1,28,right_shoulder_yaw_link|torso_link
0.45,2,5,0.3928,-0.0302,0.1804,4e-05,0.393,-0.0308,0.18,0.0007,0.00446,1,0.0,1,12,right_shoulder_yaw_link|torso_link
0.45,2,6,0.3836,-0.0879,0.181,5e-05,0.3837,-0.0879,0.181,0.0001,0.0,1,0.0,0,0,right_shoulder_yaw_link|torso_link
0.45,2,7,0.3675,-0.1387,0.182,8e-05,0.3676,-0.1387,0.182,0.0001,0.0,0,0.0,0,0,
0.45,2,8,0.3477,-0.1808,0.1832,3e-05,0.3478,-0.1808,0.1832,0.0001,0.0,0,0.0,0,0,
0.45,2,9,0.3269,-0.2144,0.1845,4e-05,0.327,-0.2144,0.1846,0.0001,0.0,0,0.0,0,0,
0.45,3,1,0.3587,0.1952,0.1523,6e-05,0.4032,0.133,0.1287,0.0801,0.24092,1,0.0,1,30,right_shoulder_roll_link|torso_link;right_shoulder_yaw_link|torso_link
0.45,3,2,0.3817,0.1509,0.1484,0.0001,0.4093,0.1119,0.1454,0.0478,0.16995,1,0.0,1,44,right_shoulder_yaw_link|torso_link
0.45,3,3,0.4008,0.0963,0.1451,9e-05,0.4138,0.0733,0.1436,0.0265,0.10602,1,0.0,1,88,right_shoulder_yaw_link|torso_link
0.45,3,4,0.4118,0.0332,0.1432,8e-05,0.4153,0.0204,0.1366,0.0148,0.05588,1,0.0,1,44,right_shoulder_yaw_link|torso_link
0.45,3,5,0.4118,-0.0332,0.1432,7e-05,0.4118,-0.0332,0.1432,0.0,0.0,1,0.0,1,12,right_shoulder_yaw_link|torso_link
0.45,3,6,0.4008,-0.0963,0.1451,6e-05,0.4009,-0.0963,0.1451,0.0001,0.0,0,0.0,0,0,
0.45,3,7,0.3817,-0.1509,0.1484,5e-05,0.3818,-0.1509,0.1484,0.0001,0.0,0,0.0,0,0,
0.45,3,8,0.3587,-0.1952,0.1523,8e-05,0.3588,-0.1952,0.1523,0.0001,0.0,0,0.0,0,0,
0.45,3,9,0.3351,-0.2296,0.1563,3e-05,0.3351,-0.2297,0.1564,0.0001,0.0,0,0.0,0,0,
0.45,4,2,0.3942,0.1632,0.1095,6e-05,0.4322,0.1026,0.0991,0.0723,0.19338,1,0.0,1,26,right_shoulder_roll_link|torso_link;right_shoulder_yaw_link|torso_link
0.45,4,3,0.4161,0.1048,0.1032,0.0001,0.4337,0.0731,0.1026,0.0362,0.10985,1,1e-05,1,42,right_shoulder_yaw_link|torso_link
0.45,4,4,0.4289,0.0363,0.0995,6e-05,0.4329,0.0215,0.0942,0.0163,0.04961,1,0.0,1,82,right_shoulder_yaw_link|torso_link
0.45,4,5,0.4289,-0.0363,0.0995,0.0001,0.4288,-0.0363,0.0995,0.0001,0.0,1,0.0,1,24,right_shoulder_yaw_link|torso_link
0.45,4,6,0.4161,-0.1048,0.1032,7e-05,0.416,-0.1048,0.1032,0.0001,0.0,0,0.0,0,0,
0.45,4,7,0.3942,-0.1632,0.1095,4e-05,0.3942,-0.1632,0.1095,0.0001,0.0,0,0.0,0,0,
0.45,4,8,0.3682,-0.2096,0.117,6e-05,0.3682,-0.2096,0.117,0.0,0.0,0,0.0,0,0,
0.45,4,9,0.3418,-0.2448,0.1246,0.0001,0.3419,-0.2449,0.1246,0.0001,0.0,0,0.0,0,0,
0.45,5,2,0.4037,0.1749,0.0658,8e-05,0.4489,0.0901,0.0433,0.0987,0.20264,1,0.0,0,0,right_shoulder_roll_link|torso_link;right_shoulder_yaw_link|torso_link
0.45,5,3,0.428,0.1128,0.0558,8e-05,0.447,0.0672,0.0437,0.0509,0.11183,1,0.0,1,6,right_shoulder_roll_link|torso_link;right_shoulder_yaw_link|torso_link
0.45,5,4,0.4423,0.0392,0.0499,6e-05,0.4462,0.0258,0.0468,0.0143,0.03528,1,0.0,1,60,right_shoulder_yaw_link|torso_link
0.45,5,5,0.4423,-0.0392,0.0499,8e-05,0.4422,-0.0392,0.0499,0.0001,0.0,1,0.0,1,50,right_shoulder_yaw_link|torso_link
0.45,5,6,0.428,-0.1128,0.0558,4e-05,0.428,-0.1128,0.0558,0.0,0.0,0,0.0,0,0,
0.45,5,7,0.4037,-0.1749,0.0658,6e-05,0.4037,-0.1749,0.0658,0.0001,0.0,0,0.0,0,0,
0.45,5,8,0.3752,-0.2233,0.0777,0.0001,0.3753,-0.2234,0.0776,0.0001,0.0,0,0.0,0,0,
0.45,5,9,0.3466,-0.2593,0.0895,8e-05,0.3467,-0.2594,0.0895,0.0001,0.0,0,0.0,0,0,
0.45,6,2,0.4092,0.1854,0.0185,0.0072,0.4747,0.0729,0.0296,0.1306,0.2922,1,0.0,0,0,left_hand_Link1_2|right_hand_base_link;left_hand_Link1_3|right_hand_base_link;left_hand_Link2_2|right_hand_Link2_2;left_hand_Link2_2|right_hand_Link2_3;left_hand_Link2_3|right_hand_Link2_2;left_hand_Link2_3|right_hand_Link2_3;left_hand_base_link|right_hand_Link2_2;right_shoulder_roll_link|torso_link
0.45,6,3,0.435,0.1199,0.0043,0.00022,0.4679,0.0525,0.0013,0.0751,0.13869,1,0.0,0,0,right_shoulder_roll_link|torso_link
0.45,6,4,0.4502,0.0417,-0.0041,9e-05,0.4507,0.0403,-0.0041,0.0015,0.00259,1,0.0,0,0,right_shoulder_roll_link|torso_link;right_shoulder_yaw_link|torso_link
0.45,6,5,0.4502,-0.0417,-0.0041,7e-05,0.4502,-0.0417,-0.0041,0.0,0.0,0,0.0,1,34,
0.45,6,6,0.435,-0.1199,0.0043,9e-05,0.4349,-0.1199,0.0043,0.0001,0.0,0,0.0,0,0,
0.45,6,7,0.4092,-0.1854,0.0185,9e-05,0.4091,-0.1853,0.0185,0.0001,0.0,0,0.0,0,0,
0.45,6,8,0.379,-0.2357,0.0351,8e-05,0.379,-0.2357,0.0352,0.0001,0.0,0,0.0,0,0,
0.45,6,9,0.349,-0.2726,0.0517,6e-05,0.349,-0.2726,0.0517,0.0,0.0,0,0.0,0,0,
0.45,7,2,0.4099,0.1938,-0.031,0.03564,0.4645,0.0349,-0.0218,0.1683,0.29444,1,0.0,0,0,right_shoulder_roll_link|torso_link
0.45,7,3,0.4361,0.1255,-0.0493,0.0278,0.4593,0.0296,-0.0332,0.0999,0.16899,1,0.0,0,0,right_shoulder_roll_link|torso_link
0.45,7,4,0.4515,0.0437,-0.0601,0.01283,0.4511,0.0425,-0.0369,0.0232,0.08015,1,0.00028,0,0,right_shoulder_roll_link|torso_link;right_shoulder_yaw_link|torso_link
0.45,7,5,0.4515,-0.0437,-0.0601,0.0001,0.461,-0.0289,-0.0386,0.0278,0.10465,0,1e-05,0,0,
0.45,7,6,0.4361,-0.1255,-0.0493,9e-05,0.44,-0.1158,-0.039,0.0147,0.04286,0,0.00028,0,0,
0.45,7,7,0.4099,-0.1938,-0.031,7e-05,0.4098,-0.1938,-0.0309,0.0001,0.0,0,0.0,0,0,
0.45,7,8,0.3791,-0.2461,-0.0094,6e-05,0.3791,-0.2461,-0.0094,0.0001,0.0,0,0.0,0,0,
0.45,7,9,0.3485,-0.284,0.012,6e-05,0.3486,-0.284,0.012,0.0001,0.0,0,0.0,0,0,
0.45,8,4,0.4459,0.045,-0.1157,0.04218,0.45,0.0281,-0.0394,0.0782,0.25249,1,4e-05,0,0,right_shoulder_roll_link|torso_link;right_shoulder_yaw_link|torso_link
0.45,8,5,0.4459,-0.045,-0.1157,0.02018,0.4673,-0.0342,-0.0368,0.0825,0.32809,0,6e-05,0,0,
0.45,8,6,0.4309,-0.1294,-0.1027,9e-05,0.4689,-0.1188,-0.0369,0.0767,0.32684,0,0.0,0,0,
0.45,8,7,0.4054,-0.1999,-0.0807,6e-05,0.4271,-0.1952,-0.0292,0.0561,0.23766,0,0.0,0,0,
0.45,8,8,0.3753,-0.254,-0.0547,5e-05,0.3845,-0.2538,-0.0266,0.0296,0.1227,0,0.0,0,0,
0.45,8,9,0.345,-0.2931,-0.0286,7e-05,0.3452,-0.2944,-0.0263,0.0026,0.00778,0,0.0,0,0,
0.45,9,5,0.434,-0.0456,-0.1684,0.0474,0.4599,-0.049,-0.0317,0.1392,0.51713,0,0.0,0,0,
0.45,9,6,0.4201,-0.1314,-0.1539,0.01925,0.4668,-0.1283,-0.0339,0.1288,0.53145,0,0.0,0,0,
0.45,9,7,0.3962,-0.2036,-0.129,9e-05,0.4501,-0.2025,-0.0259,0.1164,0.50351,0,0.0,0,0,
0.45,9,8,0.3676,-0.2592,-0.0993,9e-05,0.3985,-0.2547,-0.022,0.0833,0.35871,0,0.0,0,0,
0.45,9,9,0.3387,-0.2997,-0.0692,6e-05,0.3547,-0.2978,-0.0218,0.0501,0.2123,0,0.0,0,0,
0.5,0,1,0.3727,0.1844,0.2389,9e-05,0.4115,0.1325,0.2093,0.0713,0.1962,1,0.0,0,0,right_shoulder_roll_link|torso_link;right_shoulder_yaw_link|torso_link
0.5,0,2,0.3902,0.1396,0.2412,7e-05,0.4104,0.1089,0.224,0.0405,0.12611,1,1e-05,1,10,right_shoulder_roll_link|torso_link;right_shoulder_yaw_link|torso_link
0.5,0,3,0.4039,0.0875,0.243,7e-05,0.4101,0.0762,0.2368,0.0143,0.0513,1,1e-05,1,34,right_shoulder_roll_link|torso_link;right_shoulder_yaw_link|torso_link
0.5,0,4,0.4116,0.0298,0.244,8e-05,0.4115,0.0298,0.244,0.0001,0.0,1,0.0,1,48,right_shoulder_yaw_link|torso_link
0.5,0,5,0.4116,-0.0298,0.244,0.0001,0.4115,-0.0299,0.244,0.0001,0.0,0,0.0,1,36,
0.5,0,6,0.4039,-0.0875,0.243,3e-05,0.4039,-0.0875,0.243,0.0,0.0,0,0.0,0,0,
0.5,0,7,0.3902,-0.1396,0.2412,9e-05,0.3903,-0.1396,0.2412,0.0001,0.0,0,0.0,0,0,
0.5,0,8,0.3727,-0.1844,0.2389,4e-05,0.3728,-0.1844,0.2389,0.0001,0.0,0,0.0,0,0,
0.5,0,9,0.3537,-0.2217,0.2363,6e-05,0.3537,-0.2217,0.2363,0.0,0.0,0,0.0,0,0,
0.5,1,1,0.3849,0.1987,0.2117,7e-05,0.4315,0.1341,0.185,0.0841,0.20687,1,0.0,0,0,right_shoulder_roll_link|torso_link;right_shoulder_yaw_link|torso_link
0.5,1,2,0.4055,0.1515,0.2125,6e-05,0.4297,0.1137,0.2001,0.0466,0.13342,1,0.0,0,0,right_shoulder_roll_link|torso_link;right_shoulder_yaw_link|torso_link
0.5,1,3,0.422,0.0955,0.2131,8e-05,0.4296,0.0805,0.2069,0.018,0.05619,1,0.0,1,14,right_shoulder_roll_link|torso_link;right_shoulder_yaw_link|torso_link
0.5,1,4,0.4313,0.0327,0.2135,6e-05,0.4312,0.0327,0.2135,0.0001,0.0,1,0.0,1,36,right_shoulder_yaw_link|torso_link
0.5,1,5,0.4313,-0.0327,0.2135,7e-05,0.4312,-0.0327,0.2135,0.0001,0.0,0,0.0,1,32,
0.5,1,6,0.422,-0.0955,0.2131,8e-05,0.4219,-0.0955,0.2131,0.0001,0.0,0,0.0,0,0,
0.5,1,7,0.4055,-0.1515,0.2125,6e-05,0.4054,-0.1515,0.2125,0.0001,0.0,0,0.0,0,0,
0.5,1,8,0.3849,-0.1987,0.2117,7e-05,0.385,-0.1987,0.2117,0.0001,0.0,0,0.0,0,0,
0.5,1,9,0.3629,-0.2371,0.2109,5e-05,0.3629,-0.2371,0.2109,0.0,0.0,0,0.0,0,0,
0.5,2,2,0.4204,0.1642,0.1787,7e-05,0.452,0.1118,0.1639,0.0629,0.14797,1,0.0,0,0,right_shoulder_roll_link|torso_link;right_shoulder_yaw_link|torso_link
0.5,2,3,0.44,0.1042,0.1775,8e-05,0.4493,0.0851,0.1719,0.022,0.05769,1,1e-05,0,0,right_shoulder_roll_link|torso_link;right_shoulder_yaw_link|torso_link
0.5,2,4,0.4512,0.0358,0.1768,8e-05,0.4511,0.0358,0.1768,0.0001,0.0,1,0.0,1,30,right_shoulder_roll_link|torso_link;right_shoulder_yaw_link|torso_link
0.5,2,5,0.4512,-0.0358,0.1768,6e-05,0.4511,-0.0358,0.1768,0.0001,0.0,0,0.0,1,26,
0.5,2,6,0.44,-0.1042,0.1775,6e-05,0.4399,-0.1042,0.1775,0.0001,0.0,0,0.0,0,0,
0.5,2,7,0.4204,-0.1642,0.1787,7e-05,0.4204,-0.1642,0.1787,0.0,0.0,0,0.0,0,0,
0.5,2,8,0.3965,-0.2137,0.1802,6e-05,0.3964,-0.2137,0.1802,0.0001,0.0,0,0.0,0,0,
0.5,2,9,0.3714,-0.253,0.1818,3e-05,0.3715,-0.253,0.1818,0.0001,0.0,0,0.0,0,0,
0.5,3,2,0.4341,0.1771,0.1394,9e-05,0.4825,0.096,0.132,0.0947,0.1895,1,0.0,0,0,right_shoulder_roll_link|torso_link
0.5,3,3,0.4567,0.1131,0.1355,8e-05,0.4703,0.0852,0.1312,0.0314,0.06853,1,3e-05,0,0,right_shoulder_roll_link|torso_link;right_shoulder_yaw_link|torso_link
0.5,3,4,0.4698,0.039,0.1333,6e-05,0.4698,0.039,0.1333,0.0,0.0,1,0.0,0,0,right_shoulder_roll_link|torso_link;right_shoulder_yaw_link|torso_link
0.5,3,5,0.4698,-0.039,0.1333,9e-05,0.4698,-0.039,0.1333,0.0,0.0,0,0.0,1,14,
0.5,3,6,0.4567,-0.1131,0.1355,6e-05,0.4567,-0.1131,0.1355,0.0001,0.0,0,0.0,0,0,
0.5,3,7,0.4341,-0.1771,0.1394,5e-05,0.434,-0.1771,0.1394,0.0001,0.0,0,0.0,0,0,
0.5,3,8,0.4068,-0.2288,0.1441,5e-05,0.4067,-0.2288,0.1441,0.0001,0.0,0,0.0,0,0,
0.5,3,9,0.3787,-0.269,0.1489,4e-05,0.3788,-0.269,0.1489,0.0001,0.0,0,0.0,0,0,
0.5,4,2,0.4452,0.1898,0.0948,0.00905,0.5201,0.0428,0.111,0.1658,0.29864,1,0.0,0,0,right_shoulder_roll_link|torso_link
0.5,4,3,0.4707,0.1218,0.0874,0.0001,0.5007,0.0625,0.0902,0.0666,0.12201,1,1e-05,0,0,right_shoulder_roll_link|torso_link
0.5,4,4,0.4857,0.0422,0.0831,0.0001,0.4856,0.0421,0.0832,0.0001,0.0,1,0.0,0,0,right_shoulder_roll_link|torso_link;right_shoulder_yaw_link|torso_link
0.5,4,5,0.4857,-0.0422,0.0831,9e-05,0.4856,-0.0422,0.0832,0.0001,0.0,0,0.0,0,0,
0.5,4,6,0.4707,-0.1218,0.0874,9e-05,0.4707,-0.1218,0.0875,0.0001,0.0,0,0.0,0,0,
0.5,4,7,0.4452,-0.1898,0.0948,5e-05,0.4452,-0.1897,0.0948,0.0001,0.0,0,0.0,0,0,
0.5,4,8,0.4149,-0.2436,0.1035,4e-05,0.4149,-0.2436,0.1035,0.0,0.0,0,0.0,0,0,
0.5,4,9,0.3842,-0.2845,0.1124,7e-05,0.3842,-0.2845,0.1124,0.0001,0.0,0,0.0,0,0,
0.5,5,3,0.4805,0.1298,0.034,0.02583,0.5015,0.0356,0.0507,0.098,0.16679,1,0.0,0,0,right_shoulder_roll_link|torso_link
0.5,5,4,0.4968,0.045,0.0273,0.0081,0.4929,0.0357,0.0313,0.0109,0.01345,1,0.0,0,0,right_shoulder_roll_link|torso_link
0.5,5,5,0.4968,-0.045,0.0273,0.0001,0.4967,-0.0451,0.0273,0.0001,0.0,0,0.0,0,0,
0.5,5,6,0.4805,-0.1298,0.034,7e-05,0.4804,-0.1298,0.0341,0.0001,0.0,0,0.0,0,0,
0.5,5,7,0.4527,-0.2014,0.0455,9e-05,0.4527,-0.2014,0.0456,0.0001,0.0,0,0.0,0,0,
0.5,5,8,0.4201,-0.2573,0.0591,5e-05,0.4201,-0.2573,0.0591,0.0001,0.0,0,0.0,0,0,
0.5,5,9,0.3874,-0.299,0.0726,0.0001,0.3873,-0.2989,0.0726,0.0001,0.0,0,0.0,0,0,
0.5,6,4,0.5016,0.0475,-0.0324,0.03978,0.4739,0.0247,-0.0128,0.0409,0.02142,1,0.0,0,0,right_shoulder_roll_link|torso_link
0.5,6,5,0.5016,-0.0475,-0.0324,0.01676,0.4875,-0.05,-0.0241,0.0166,0.0,0,0.0,0,0,
0.5,6,6,0.4845,-0.1366,-0.023,0.0001,0.4844,-0.1366,-0.0229,0.0001,0.0,0,0.0,0,0,
0.5,6,7,0.4555,-0.2114,-0.007,8e-05,0.4555,-0.2114,-0.007,0.0,0.0,0,0.0,0,0,
0.5,6,8,0.4216,-0.2692,0.0117,8e-05,0.4215,-0.2692,0.0117,0.0001,0.0,0,0.0,0,0,
0.5,6,9,0.3877,-0.3118,0.0304,4e-05,0.3877,-0.3118,0.0304,0.0001,0.0,0,0.0,0,0,
0.5,7,5,0.4991,-0.0492,-0.0934,0.04771,0.4792,-0.0644,-0.0389,0.06,0.13233,0,2e-05,0,0,
0.5,7,6,0.482,-0.1417,-0.0815,0.01967,0.4844,-0.1329,-0.0399,0.0426,0.14696,0,0.0,0,0,
0.5,7,7,0.453,-0.2192,-0.0612,9e-05,0.4679,-0.208,-0.0387,0.0292,0.10948,0,0.00017,0,0,
0.5,7,8,0.4189,-0.2788,-0.0373,6e-05,0.4193,-0.279,-0.0362,0.0012,0.00256,0,0.0,0,0,
0.5,7,9,0.3849,-0.3224,-0.0135,7e-05,0.3848,-0.3224,-0.0134,0.0001,0.0,0,0.0,0,0,
0.5,8,6,0.473,-0.1449,-0.139,0.04853,0.4784,-0.15,-0.0341,0.1051,0.36505,0,0.0,0,0,
0.5,8,7,0.4451,-0.2243,-0.115,0.01753,0.4713,-0.2237,-0.0368,0.0825,0.3325,0,0.0,0,0,
0.5,8,8,0.4121,-0.2857,-0.0865,9e-05,0.4412,-0.2861,-0.036,0.0583,0.24568,0,0.0,0,0,
0.5,8,9,0.3789,-0.3305,-0.0578,8e-05,0.3884,-0.3343,-0.0328,0.0271,0.10991,0,0.0002,0,0,
0.5,9,7,0.4323,-0.2268,-0.1666,0.0438,0.4574,-0.238,-0.0336,0.1358,0.51238,0,0.0,0,0,
0.5,9,8,0.4014,-0.2897,-0.1344,0.01224,0.4454,-0.2988,-0.0293,0.1143,0.48121,0,0.0,0,0,
0.5,9,9,0.3698,-0.3359,-0.1016,0.0001,0.4073,-0.3404,-0.0303,0.0807,0.34504,0,0.0,0,0,
0.55,0,2,0.4409,0.1624,0.2479,0.0001,0.4755,0.106,0.2454,0.0662,0.14826,1,0.0,0,0,right_shoulder_roll_link|torso_link
0.55,0,3,0.4574,0.1019,0.2501,9e-05,0.4646,0.0879,0.2488,0.0158,0.03837,1,2e-05,0,0,right_shoulder_roll_link|torso_link;right_shoulder_yaw_link|torso_link
0.55,0,4,0.4666,0.0348,0.2513,7e-05,0.4666,0.0348,0.2513,0.0,0.0,1,0.0,0,0,right_shoulder_roll_link|torso_link
0.55,0,5,0.4666,-0.0348,0.2513,4e-05,0.4666,-0.0348,0.2513,0.0,0.0,0,0.0,0,0,
0.55,0,6,0.4574,-0.1019,0.2501,4e-05,0.4574,-0.1019,0.2501,0.0,0.0,0,0.0,0,0,
0.55,0,7,0.4409,-0.1624,0.2479,6e-05,0.4408,-0.1624,0.2479,0.0001,0.0,0,0.0,0,0,
0.55,0,8,0.4199,-0.2142,0.2451,3e-05,0.4199,-0.2142,0.2451,0.0,0.0,0,0.0,0,0,
0.55,0,9,0.3972,-0.2569,0.2421,5e-05,0.3971,-0.2569,0.2421,0.0001,0.0,0,0.0,0,0,
0.55,1,2,0.4567,0.1754,0.2145,9e-05,0.5088,0.0861,0.2238,0.1038,0.20281,1,0.0,0,0,right_shoulder_roll_link|torso_link
0.55,1,3,0.4762,0.1107,0.2152,0.0001,0.4883,0.0868,0.2151,0.0268,0.05824,1,0.0,0,0,right_shoulder_roll_link|torso_link
0.55,1,4,0.4873,0.0379,0.2157,8e-05,0.4872,0.0379,0.2157,0.0001,0.0,1,0.0,0,0,right_shoulder_roll_link|torso_link
0.55,1,5,0.4873,-0.0379,0.2157,6e-05,0.4873,-0.0379,0.2157,0.0001,0.0,0,0.0,0,0,
0.55,1,6,0.4762,-0.1107,0.2152,9e-05,0.4761,-0.1107,0.2152,0.0001,0.0,0,0.0,0,0,
0.55,1,7,0.4567,-0.1754,0.2145,4e-05,0.4566,-0.1754,0.2145,0.0001,0.0,0,0.0,0,0,
0.55,1,8,0.4323,-0.2296,0.2135,5e-05,0.4322,-0.2296,0.2135,0.0001,0.0,0,0.0,0,0,
0.55,1,9,0.4063,-0.2735,0.2125,9e-05,0.4062,-0.2734,0.2125,0.0001,0.0,0,0.0,0,0,
0.55,2,2,0.4716,0.1888,0.1755,0.01158,0.539,0.0366,0.192,0.1672,0.29768,1,0.0,0,0,right_shoulder_roll_link|torso_link
0.55,2,3,0.4944,0.1199,0.1741,0.0001,0.5222,0.0629,0.1826,0.064,0.11889,1,0.0,0,0,right_shoulder_roll_link|torso_link
0.55,2,4,0.5076,0.0412,0.1732,0.0001,0.5075,0.0412,0.1732,0.0001,0.0,1,0.0,0,0,right_shoulder_roll_link|torso_link
0.55,2,5,0.5076,-0.0412,0.1732,9e-05,0.5075,-0.0413,0.1732,0.0002,0.0,0,0.0,0,0,
0.55,2,6,0.4944,-0.1199,0.1741,5e-05,0.4944,-0.1199,0.1741,0.0,0.0,0,0.0,0,0,
0.55,2,7,0.4716,-0.1888,0.1755,9e-05,0.4715,-0.1888,0.1755,0.0001,0.0,0,0.0,0,0,
0.55,2,8,0.4436,-0.2455,0.1772,4e-05,0.4436,-0.2455,0.1772,0.0001,0.0,0,0.0,0,0,
0.55,2,9,0.4144,-0.2903,0.1791,5e-05,0.4144,-0.2903,0.1791,0.0001,0.0,0,0.0,0,0,
0.55,3,3,0.5107,0.1293,0.1263,0.02238,0.5317,0.0334,0.1434,0.0997,0.17097,1,2e-05,0,0,right_shoulder_roll_link|torso_link
0.55,3,4,0.5259,0.0446,0.1237,0.00277,0.5256,0.0383,0.1256,0.0066,0.00927,1,0.0,0,0,right_shoulder_roll_link|torso_link
0.55,3,5,0.5259,-0.0446,0.1237,8e-05,0.5258,-0.0446,0.1237,0.0001,0.0,0,0.0,0,0,
0.55,3,6,0.5107,-0.1293,0.1263,6e-05,0.5106,-0.1293,0.1263,0.0001,0.0,0,0.0,0,0,
0.55,3,7,0.4846,-0.2024,0.1308,6e-05,0.4845,-0.2024,0.1308,0.0001,0.0,0,0.0,0,0,
0.55,3,8,0.4531,-0.2613,0.1361,9e-05,0.4531,-0.2613,0.1361,0.0001,0.0,0,0.0,0,0,
0.55,3,9,0.4209,-0.3069,0.1417,0.0001,0.4208,-0.3069,0.1417,0.0001,0.0,0,0.0,0,0,
0.55,4,4,0.5404,0.0478,0.0674,0.0328,0.5146,0.03,0.0792,0.0335,0.01471,1,0.0,0,0,right_shoulder_roll_link|torso_link
0.55,4,5,0.5404,-0.0478,0.0674,0.0096,0.5316,-0.0493,0.0706,0.0095,0.0,0,0.0,0,0,
0.55,4,6,0.5235,-0.1382,0.0722,0.0001,0.5234,-0.1382,0.0723,0.0002,0.0,0,0.0,0,0,
0.55,4,7,0.4945,-0.2153,0.0806,8e-05,0.4944,-0.2153,0.0806,0.0001,0.0,0,0.0,0,0,
0.55,4,8,0.46,-0.2764,0.0905,7e-05,0.46,-0.2764,0.0905,0.0,0.0,0,0.0,0,0,
0.55,4,9,0.4252,-0.3228,0.1006,0.0001,0.4251,-0.3227,0.1006,0.0001,0.0,0,0.0,0,0,
0.55,5,5,0.5494,-0.0507,0.0055,0.04079,0.5132,-0.0567,0.0225,0.0404,0.0,0,0.0,0,0,
0.55,5,6,0.5311,-0.1463,0.0131,0.01434,0.5182,-0.146,0.0191,0.0142,0.0,0,0.0,0,0,
0.55,5,7,0.5,-0.227,0.0259,9e-05,0.5,-0.227,0.026,0.0001,0.0,0,0.0,0,0,
0.55,5,8,0.4634,-0.2901,0.0411,6e-05,0.4634,-0.2901,0.0411,0.0001,0.0,0,0.0,0,0,
0.55,5,9,0.4267,-0.3372,0.0563,8e-05,0.4266,-0.3372,0.0563,0.0001,0.0,0,0.0,0,0,
0.55,6,6,0.5323,-0.1528,-0.0494,0.0448,0.4941,-0.1519,-0.0269,0.0443,0.0,0,0.0,0,0,
0.55,6,7,0.5003,-0.2366,-0.0317,0.01632,0.4866,-0.2339,-0.0237,0.0161,0.0,0,0.0,0,0,
0.55,6,8,0.4627,-0.3016,-0.011,9e-05,0.4626,-0.3016,-0.0109,0.0001,0.0,0,0.0,0,0,
0.55,6,9,0.4251,-0.3497,0.0098,8e-05,0.425,-0.3497,0.0098,0.0001,0.0,0,0.0,0,0,
0.55,7,7,0.4948,-0.2437,-0.0904,0.04486,0.4725,-0.2511,-0.0376,0.0577,0.13404,0,0.0,0,0,
0.55,7,8,0.4575,-0.3105,-0.0643,0.01606,0.4534,-0.3113,-0.0398,0.0248,0.06961,0,2e-05,0,0,
0.55,7,9,0.42,-0.3596,-0.0381,9e-05,0.4203,-0.3598,-0.0373,0.0009,0.00153,0,0.0,0,0,
0.55,8,8,0.4478,-0.3164,-0.1173,0.04216,0.4413,-0.3287,-0.0375,0.081,0.26809,0,4e-05,0,0,
0.55,8,9,0.4116,-0.3668,-0.0861,0.01441,0.4265,-0.3628,-0.0399,0.0487,0.1846,0,0.0,0,0,
0.55,9,9,0.4001,-0.371,-0.1331,0.03806,0.4116,-0.3784,-0.0352,0.0988,0.36398,0,0.0,0,0,
0.6,0,3,0.5098,0.1161,0.2571,0.00088,0.5377,0.0487,0.2761,0.0754,0.13799,1,0.0,0,0,right_shoulder_roll_link|torso_link
0.6,0,4,0.5206,0.0397,0.2585,8e-05,0.5205,0.0396,0.2585,0.0001,0.0,1,0.0,0,0,right_shoulder_roll_link|torso_link
0.6,0,5,0.5206,-0.0397,0.2585,7e-05,0.5205,-0.0397,0.2585,0.0001,0.0,0,0.0,0,0,
0.6,0,6,0.5098,-0.1161,0.2571,6e-05,0.5098,-0.1161,0.257,0.0001,0.0,0,0.0,0,0,
0.6,0,7,0.4905,-0.1847,0.2545,8e-05,0.4905,-0.1847,0.2545,0.0001,0.0,0,0.0,0,0,
0.6,0,8,0.4662,-0.2433,0.2513,9e-05,0.4661,-0.2433,0.2512,0.0001,0.0,0,0.0,0,0,
0.6,0,9,0.4398,-0.2914,0.2478,5e-05,0.4397,-0.2914,0.2477,0.0001,0.0,0,0.0,0,0,
0.6,1,3,0.5293,0.1255,0.2173,0.02317,0.5437,0.0345,0.2414,0.0953,0.16534,1,0.0,0,0,right_shoulder_roll_link|torso_link
0.6,1,4,0.5421,0.043,0.2178,0.00268,0.5428,0.0333,0.2204,0.0101,0.01658,1,0.0,0,0,right_shoulder_roll_link|torso_link
0.6,1,5,0.5421,-0.043,0.2178,0.0001,0.542,-0.043,0.2178,0.0001,0.0,0,0.0,0,0,
0.6,1,6,0.5293,-0.1255,0.2173,7e-05,0.5292,-0.1255,0.2173,0.0001,0.0,0,0.0,0,0,
0.6,1,7,0.5067,-0.1987,0.2164,6e-05,0.5066,-0.1986,0.2164,0.0001,0.0,0,0.0,0,0,
0.6,1,8,0.4786,-0.2598,0.2153,8e-05,0.4785,-0.2598,0.2153,0.0001,0.0,0,0.0,0,0,
0.6,1,9,0.4488,-0.309,0.2142,0.0001,0.4487,-0.309,0.2142,0.0001,0.0,0,0.0,0,0,
0.6,2,3,0.5476,0.1353,0.1707,0.04914,0.5432,0.0237,0.1919,0.1137,0.17795,1,0.0,0,0,right_shoulder_roll_link|torso_link
0.6,2,4,0.5626,0.0466,0.1698,0.02838,0.5408,0.0249,0.1772,0.0316,0.02422,1,0.0,0,0,right_shoulder_roll_link|torso_link
0.6,2,5,0.5626,-0.0466,0.1698,0.00587,0.5569,-0.0475,0.1707,0.0058,0.0,0,0.0,0,0,
0.6,2,6,0.5476,-0.1353,0.1707,9e-05,0.5475,-0.1353,0.1707,0.0001,0.0,0,0.0,0,0,
0.6,2,7,0.5215,-0.2129,0.1724,9e-05,0.5214,-0.2129,0.1724,0.0001,0.0,0,0.0,0,0,
0.6,2,8,0.4896,-0.2765,0.1744,7e-05,0.4895,-0.2765,0.1744,0.0001,0.0,0,0.0,0,0,
0.6,2,9,0.4564,-0.3267,0.1764,5e-05,0.4563,-0.3267,0.1764,0.0001,0.0,0,0.0,0,0,
0.6,3,5,0.5805,-0.0501,0.1143,0.03367,0.5484,-0.0551,0.1225,0.0335,0.0,0,0.0,0,0,
0.6,3,6,0.5634,-0.1451,0.1173,0.00972,0.554,-0.1449,0.1197,0.0097,0.0,0,0.0,0,0,
0.6,3,7,0.5339,-0.227,0.1223,9e-05,0.5338,-0.227,0.1223,0.0001,0.0,0,0.0,0,0,
0.6,3,8,0.4984,-0.293,0.1284,9e-05,0.4983,-0.293,0.1284,0.0001,0.0,0,0.0,0,0,
0.6,3,9,0.462,-0.3439,0.1346,6e-05,0.462,-0.3439,0.1346,0.0001,0.0,0,0.0,0,0,
0.6,4,6,0.5749,-0.1542,0.0574,0.03827,0.539,-0.1533,0.0702,0.0382,0.0,0,0.0,0,0,
0.6,4,7,0.5425,-0.2403,0.0668,0.01362,0.5299,-0.2379,0.0712,0.0136,0.0,0,0.0,0,0,
0.6,4,8,0.504,-0.3084,0.0779,0.0001,0.5039,-0.3084,0.0779,0.0001,0.0,0,0.0,0,0,
0.6,4,9,0.4651,-0.3601,0.0891,9e-05,0.465,-0.3601,0.0891,0.0001,0.0,0,0.0,0,0,
0.6,5,7,0.5461,-0.2519,0.0068,0.04161,0.5094,-0.2443,0.024,0.0412,0.0,0,0.0,0,0,
0.6,5,8,0.5057,-0.322,0.0236,0.01711,0.4912,-0.3167,0.0304,0.0169,0.0,0,0.0,0,0,
0.6,5,9,0.465,-0.3745,0.0404,0.0001,0.465,-0.3745,0.0405,0.0001,0.0,0,0.0,0,0,
0.6,6,8,0.5028,-0.3332,-0.0331,0.04359,0.4678,-0.3197,-0.0123,0.0429,0.0,0,0.0,0,0,
0.6,6,9,0.4615,-0.3866,-0.0103,0.01998,0.4463,-0.3783,-0.0013,0.0196,0.0,0,0.0,0,0,
0.6,7,9,0.4544,-0.396,-0.0621,0.04448,0.4232,-0.3795,-0.0363,0.0437,0.00624,0,0.0,0,0,
0.65,0,5,0.5738,-0.0444,0.2655,0.01023,0.5637,-0.0461,0.2654,0.0102,0.0,0,0.0,0,0,
0.65,0,6,0.5615,-0.13,0.2639,9e-05,0.5614,-0.13,0.2639,0.0001,0.0,0,0.0,0,0,
0.65,0,7,0.5394,-0.2068,0.261,0.0001,0.5393,-0.2067,0.261,0.0001,0.0,0,0.0,0,0,
0.65,0,8,0.5117,-0.272,0.2573,0.0001,0.5116,-0.2719,0.2573,0.0002,0.0,0,0.0,0,0,
0.65,0,9,0.4817,-0.3254,0.2533,5e-05,0.4816,-0.3254,0.2533,0.0001,0.0,0,0.0,0,0,
0.65,1,5,0.5961,-0.0481,0.2198,0.03284,0.5637,-0.053,0.222,0.0328,0.0,0,0.0,0,0,
0.65,1,6,0.5815,-0.1401,0.2193,0.01155,0.57,-0.14,0.2201,0.0115,0.0,0,0.0,0,0,
0.65,1,7,0.5559,-0.2216,0.2183,0.0001,0.5558,-0.2215,0.2183,0.0001,0.0,0,0.0,0,0,
0.65,1,8,0.5241,-0.2895,0.2171,8e-05,0.524,-0.2894,0.2171,0.0001,0.0,0,0.0,0,0,
0.65,1,9,0.4905,-0.344,0.2158,7e-05,0.4904,-0.344,0.2158,0.0001,0.0,0,0.0,0,0,
0.65,2,6,0.5999,-0.1504,0.1675,0.03563,0.5647,-0.1497,0.1728,0.0356,0.0,0,0.0,0,0,
0.65,2,7,0.5706,-0.2366,0.1693,0.01492,0.5561,-0.234,0.1716,0.0149,0.0,0,0.0,0,0,
0.65,2,8,0.5348,-0.3071,0.1715,0.00017,0.5346,-0.307,0.1716,0.0002,0.0,0,0.0,0,0,
0.65,2,9,0.4976,-0.3625,0.1739,9e-05,0.4975,-0.3624,0.1739,0.0001,0.0,0,0.0,0,0,
0.65,3,7,0.5822,-0.2512,0.114,0.03968,0.5446,-0.2439,0.1236,0.0395,0.0,0,0.0,0,0,
0.65,3,8,0.5428,-0.3241,0.1208,0.01988,0.5247,-0.3178,0.1255,0.0198,0.0,0,0.0,0,0,
0.65,3,9,0.5024,-0.3803,0.1277,0.00346,0.4994,-0.3788,0.1285,0.0035,0.0,0,0.0,0,0,
0.65,4,8,0.5472,-0.3398,0.0654,0.04442,0.5081,-0.3253,0.0796,0.0441,0.0,0,0.0,0,0,
0.65,4,9,0.5042,-0.3967,0.0778,0.02565,0.4829,-0.3856,0.0857,0.0253,0.0,0,0.0,0,0,
0.65,5,9,0.5027,-0.4111,0.0248,0.04922,0.4635,-0.3898,0.0438,0.0485,0.0,0,0.0,0,0,
0.7,0,6,0.6125,-0.1438,0.2707,0.04127,0.5712,-0.1433,0.2698,0.0413,0.0,0,0.0,0,0,
0.7,0,7,0.5878,-0.2285,0.2674,0.0238,0.5643,-0.2247,0.2671,0.0238,0.0,0,0.0,0,0,
0.7,0,8,0.5566,-0.3003,0.2633,0.00951,0.5475,-0.2975,0.2632,0.0095,0.0,0,0.0,0,0,
0.7,0,9,0.5231,-0.3589,0.2588,0.00036,0.5228,-0.3588,0.2588,0.0004,0.0,0,0.0,0,0,
0.7,1,7,0.6045,-0.2442,0.2202,0.04395,0.5614,-0.2364,0.2231,0.0439,0.0,0,0.0,0,0,
0.7,1,8,0.569,-0.3188,0.2188,0.02816,0.5424,-0.3101,0.2209,0.028,0.0,0,0.0,0,0,
0.7,1,9,0.5316,-0.3785,0.2174,0.01554,0.5177,-0.372,0.2186,0.0154,0.0,0,0.0,0,0,
0.7,2,8,0.5793,-0.3371,0.1687,0.04908,0.5338,-0.3213,0.1763,0.0488,0.0,0,0.0,0,0,
0.7,2,9,0.5382,-0.3978,0.1713,0.03475,0.5077,-0.3828,0.1767,0.0345,0.0,0,0.0,0,0,
0.75,0,9,0.5641,-0.3921,0.2643,0.04958,0.5194,-0.3714,0.2646,0.0492,0.0,0,0.0,0,0,
