depth,row,col,tx,ty,tz,state,final_ok
0.2,0,0,0.204,0.1004,0.2165,hits pocket,0
0.2,0,1,0.204,0.0781,0.2165,hits pocket,0
0.2,0,2,0.204,0.0558,0.2165,hits pocket,0
0.2,0,3,0.204,0.0335,0.2165,hits pocket,0
0.2,0,4,0.204,0.0112,0.2165,hits pocket,0
0.2,0,5,0.204,-0.0112,0.2165,model / self-contact,0
0.2,0,6,0.204,-0.0335,0.2165,reachable,1
0.2,0,7,0.204,-0.0558,0.2165,reachable,1
0.2,0,8,0.204,-0.0781,0.2165,reachable,1
0.2,0,9,0.204,-0.1004,0.2165,reachable,1
0.2,1,0,0.204,0.1039,0.2048,hits pocket,0
0.2,1,1,0.204,0.0808,0.2048,hits pocket,0
0.2,1,2,0.204,0.0577,0.2048,hits pocket,0
0.2,1,3,0.204,0.0346,0.2048,hits pocket,0
0.2,1,4,0.204,0.0115,0.2048,hits pocket,0
0.2,1,5,0.204,-0.0115,0.2048,model / self-contact,0
0.2,1,6,0.204,-0.0346,0.2048,reachable,1
0.2,1,7,0.204,-0.0577,0.2048,reachable,1
0.2,1,8,0.204,-0.0808,0.2048,reachable,1
0.2,1,9,0.204,-0.1039,0.2048,reachable,1
0.2,2,0,0.204,0.1076,0.1922,hits pocket,0
0.2,2,1,0.204,0.0837,0.1922,hits pocket,0
0.2,2,2,0.204,0.0598,0.1922,hits pocket,0
0.2,2,3,0.204,0.0359,0.1922,hits pocket,0
0.2,2,4,0.204,0.012,0.1922,hits pocket,0
0.2,2,5,0.204,-0.012,0.1922,model / self-contact,0
0.2,2,6,0.204,-0.0359,0.1922,reachable,1
0.2,2,7,0.204,-0.0598,0.1922,reachable,1
0.2,2,8,0.204,-0.0837,0.1922,reachable,1
0.2,2,9,0.204,-0.1076,0.1922,reachable,1
0.2,3,0,0.204,0.1116,0.1788,hits pocket,0
0.2,3,1,0.204,0.0868,0.1788,hits pocket,0
0.2,3,2,0.204,0.062,0.1788,hits pocket,0
0.2,3,3,0.204,0.0372,0.1788,hits pocket,0
0.2,3,4,0.204,0.0124,0.1788,hits pocket,0
0.2,3,5,0.204,-0.0124,0.1788,hits pocket,0
0.2,3,6,0.204,-0.0372,0.1788,model / self-contact,0
0.2,3,7,0.204,-0.062,0.1788,reachable,1
0.2,3,8,0.204,-0.0868,0.1788,reachable,1
0.2,3,9,0.204,-0.1116,0.1788,reachable,1
0.2,4,0,0.204,0.1159,0.1643,hits pocket,0
0.2,4,1,0.204,0.0902,0.1643,hits pocket,0
0.2,4,2,0.204,0.0644,0.1643,hits pocket,0
0.2,4,3,0.204,0.0386,0.1643,hits pocket,0
0.2,4,4,0.204,0.0129,0.1643,hits pocket,0
0.2,4,5,0.204,-0.0129,0.1643,hits pocket,0
0.2,4,6,0.204,-0.0386,0.1643,model / self-contact,0
0.2,4,7,0.204,-0.0644,0.1643,reachable,1
0.2,4,8,0.204,-0.0902,0.1643,reachable,1
0.2,4,9,0.204,-0.1159,0.1643,reachable,1
0.2,5,0,0.204,0.1206,0.1486,hits pocket,0
0.2,5,1,0.204,0.0938,0.1486,hits pocket,0
0.2,5,2,0.204,0.067,0.1486,hits pocket,0
0.2,5,3,0.204,0.0402,0.1486,hits pocket,0
0.2,5,4,0.204,0.0134,0.1486,hits pocket,0
0.2,5,5,0.204,-0.0134,0.1486,hits pocket,0
0.2,5,6,0.204,-0.0402,0.1486,hits pocket,0
0.2,5,7,0.204,-0.067,0.1486,reachable,1
0.2,5,8,0.204,-0.0938,0.1486,reachable,1
0.2,5,9,0.204,-0.1206,0.1486,reachable,1
0.2,6,0,0.204,0.1256,0.1317,hits pocket,0
0.2,6,1,0.204,0.0977,0.1317,hits pocket,0
0.2,6,2,0.204,0.0698,0.1317,hits pocket,0
0.2,6,3,0.204,0.0419,0.1317,hits pocket,0
0.2,6,4,0.204,0.014,0.1317,hits pocket,0
0.2,6,5,0.204,-0.014,0.1317,hits pocket,0
0.2,6,6,0.204,-0.0419,0.1317,hits pocket,0
0.2,6,7,0.204,-0.0698,0.1317,reachable,1
0.2,6,8,0.204,-0.0977,0.1317,reachable,1
0.2,6,9,0.204,-0.1256,0.1317,reachable,1
0.2,7,0,0.204,0.1311,0.1132,hits pocket,0
0.2,7,1,0.204,0.102,0.1132,hits pocket,0
0.2,7,2,0.204,0.0728,0.1132,hits pocket,0
0.2,7,3,0.204,0.0437,0.1132,hits pocket,0
0.2,7,4,0.204,0.0146,0.1132,hits pocket,0
0.2,7,5,0.204,-0.0146,0.1132,hits pocket,0
0.2,7,6,0.204,-0.0437,0.1132,hits pocket,0
0.2,7,7,0.204,-0.0728,0.1132,hits pocket,0
0.2,7,8,0.204,-0.102,0.1132,reachable,1
0.2,7,9,0.204,-0.1311,0.1132,reachable,1
0.2,8,0,0.204,0.1371,0.0931,hits pocket,0
0.2,8,1,0.204,0.1066,0.0931,hits pocket,0
0.2,8,2,0.204,0.0762,0.0931,hits pocket,0
0.2,8,3,0.204,0.0457,0.0931,hits pocket,0
0.2,8,4,0.204,0.0152,0.0931,hits pocket,0
0.2,8,5,0.204,-0.0152,0.0931,hits pocket,0
0.2,8,6,0.204,-0.0457,0.0931,hits pocket,0
0.2,8,7,0.204,-0.0762,0.0931,hits pocket,0
0.2,8,8,0.204,-0.1066,0.0931,hits pocket,0
0.2,8,9,0.204,-0.1371,0.0931,reachable,1
0.2,9,0,0.204,0.1437,0.071,hits pocket,0
0.2,9,1,0.204,0.1117,0.071,hits pocket,0
0.2,9,2,0.204,0.0798,0.071,hits pocket,0
0.2,9,3,0.204,0.0479,0.071,hits pocket,0
0.2,9,4,0.204,0.016,0.071,hits pocket,0
0.2,9,5,0.204,-0.016,0.071,hits pocket,0
0.2,9,6,0.204,-0.0479,0.071,hits pocket,0
0.2,9,7,0.204,-0.0798,0.071,hits pocket,0
0.2,9,8,0.204,-0.1117,0.071,hits pocket,0
0.2,9,9,0.204,-0.1437,0.071,reachable,1
0.25,0,0,0.254,0.1409,0.2231,hits pocket,0
0.25,0,1,0.254,0.1096,0.2231,hits pocket,0
0.25,0,2,0.254,0.0783,0.2231,hits pocket,0
0.25,0,3,0.254,0.047,0.2231,hits pocket,0
0.25,0,4,0.254,0.0157,0.2231,hits pocket,0
0.25,0,5,0.254,-0.0157,0.2231,hits pocket,0
0.25,0,6,0.254,-0.047,0.2231,reachable,1
0.25,0,7,0.254,-0.0783,0.2231,reachable,1
0.25,0,8,0.254,-0.1096,0.2231,reachable,1
0.25,0,9,0.254,-0.1409,0.2231,reachable,1
0.25,1,0,0.254,0.1458,0.2067,hits pocket,0
0.25,1,1,0.254,0.1134,0.2067,hits pocket,0
0.25,1,2,0.254,0.081,0.2067,hits pocket,0
0.25,1,3,0.254,0.0486,0.2067,hits pocket,0
0.25,1,4,0.254,0.0162,0.2067,hits pocket,0
0.25,1,5,0.254,-0.0162,0.2067,hits pocket,0
0.25,1,6,0.254,-0.0486,0.2067,reachable,1
0.25,1,7,0.254,-0.081,0.2067,reachable,1
0.25,1,8,0.254,-0.1134,0.2067,reachable,1
0.25,1,9,0.254,-0.1458,0.2067,reachable,1
0.25,2,0,0.254,0.151,0.1891,hits pocket,0
0.25,2,1,0.254,0.1175,0.1891,hits pocket,0
0.25,2,2,0.254,0.0839,0.1891,hits pocket,0
0.25,2,3,0.254,0.0503,0.1891,hits pocket,0
0.25,2,4,0.254,0.0168,0.1891,hits pocket,0
0.25,2,5,0.254,-0.0168,0.1891,hits pocket,0
0.25,2,6,0.254,-0.0503,0.1891,reachable,1
0.25,2,7,0.254,-0.0839,0.1891,reachable,1
0.25,2,8,0.254,-0.1175,0.1891,reachable,1
0.25,2,9,0.254,-0.151,0.1891,reachable,1
0.25,3,0,0.254,0.1566,0.1702,hits pocket,0
0.25,3,1,0.254,0.1218,0.1702,hits pocket,0
0.25,3,2,0.254,0.087,0.1702,hits pocket,0
0.25,3,3,0.254,0.0522,0.1702,hits pocket,0
0.25,3,4,0.254,0.0174,0.1702,hits pocket,0
0.25,3,5,0.254,-0.0174,0.1702,hits pocket,0
0.25,3,6,0.254,-0.0522,0.1702,reachable,1
0.25,3,7,0.254,-0.087,0.1702,reachable,1
0.25,3,8,0.254,-0.1218,0.1702,reachable,1
0.25,3,9,0.254,-0.1566,0.1702,reachable,1
0.25,4,0,0.254,0.1627,0.1499,hits pocket,0
0.25,4,1,0.254,0.1265,0.1499,hits pocket,0
0.25,4,2,0.254,0.0904,0.1499,hits pocket,0
0.25,4,3,0.254,0.0542,0.1499,hits pocket,0
0.25,4,4,0.254,0.0181,0.1499,hits pocket,0
0.25,4,5,0.254,-0.0181,0.1499,hits pocket,0
0.25,4,6,0.254,-0.0542,0.1499,hits pocket,0
0.25,4,7,0.254,-0.0904,0.1499,reachable,1
0.25,4,8,0.254,-0.1265,0.1499,reachable,1
0.25,4,9,0.254,-0.1627,0.1499,reachable,1
0.25,5,0,0.254,0.1692,0.1279,hits pocket,0
0.25,5,1,0.254,0.1316,0.1279,hits pocket,0
0.25,5,2,0.254,0.094,0.1279,hits pocket,0
0.25,5,3,0.254,0.0564,0.1279,hits pocket,0
0.25,5,4,0.254,0.0188,0.1279,hits pocket,0
0.25,5,5,0.254,-0.0188,0.1279,hits pocket,0
0.25,5,6,0.254,-0.0564,0.1279,hits pocket,0
0.25,5,7,0.254,-0.094,0.1279,reachable,1
0.25,5,8,0.254,-0.1316,0.1279,reachable,1
0.25,5,9,0.254,-0.1692,0.1279,reachable,1
0.25,6,0,0.254,0.1763,0.1041,hits pocket,0
0.25,6,1,0.254,0.1371,0.1041,hits pocket,0
0.25,6,2,0.254,0.0979,0.1041,hits pocket,0
0.25,6,3,0.254,0.0588,0.1041,hits pocket,0
0.25,6,4,0.254,0.0196,0.1041,hits pocket,0
0.25,6,5,0.254,-0.0196,0.1041,hits pocket,0
0.25,6,6,0.254,-0.0588,0.1041,hits pocket,0
0.25,6,7,0.254,-0.0979,0.1041,reachable,1
0.25,6,8,0.254,-0.1371,0.1041,reachable,1
0.25,6,9,0.254,-0.1763,0.1041,reachable,1
0.25,7,0,0.254,0.184,0.0782,hits pocket,0
0.25,7,1,0.254,0.1431,0.0782,hits pocket,0
0.25,7,2,0.254,0.1022,0.0782,hits pocket,0
0.25,7,3,0.254,0.0613,0.0782,hits pocket,0
0.25,7,4,0.254,0.0204,0.0782,hits pocket,0
0.25,7,5,0.254,-0.0204,0.0782,hits pocket,0
0.25,7,6,0.254,-0.0613,0.0782,hits pocket,0
0.25,7,7,0.254,-0.1022,0.0782,reachable,1
0.25,7,8,0.254,-0.1431,0.0782,reachable,1
0.25,7,9,0.254,-0.184,0.0782,reachable,1
0.25,8,0,0.254,0.1924,0.0499,hits pocket,0
0.25,8,1,0.254,0.1496,0.0499,hits pocket,0
0.25,8,2,0.254,0.1069,0.0499,hits pocket,0
0.25,8,3,0.254,0.0641,0.0499,hits pocket,0
0.25,8,4,0.254,0.0214,0.0499,hits pocket,0
0.25,8,5,0.254,-0.0214,0.0499,hits pocket,0
0.25,8,6,0.254,-0.0641,0.0499,hits pocket,0
0.25,8,7,0.254,-0.1069,0.0499,reachable,1
0.25,8,8,0.254,-0.1496,0.0499,reachable,1
0.25,8,9,0.254,-0.1924,0.0499,reachable,1
0.25,9,0,0.254,0.2016,0.019,outside workspace box,0
0.25,9,1,0.254,0.1568,0.019,hits pocket,0
0.25,9,2,0.254,0.112,0.019,hits pocket,0
0.25,9,3,0.254,0.0672,0.019,hits pocket,0
0.25,9,4,0.254,0.0224,0.019,hits pocket,0
0.25,9,5,0.254,-0.0224,0.019,hits pocket,0
0.25,9,6,0.254,-0.0672,0.019,hits pocket,0
0.25,9,7,0.254,-0.112,0.019,reachable,1
0.25,9,8,0.254,-0.1568,0.019,reachable,1
0.25,9,9,0.254,-0.2016,0.019,reachable,1
0.3,0,0,0.304,0.1814,0.2297,hits pocket,0
0.3,0,1,0.304,0.1411,0.2297,hits pocket,0
0.3,0,2,0.304,0.1008,0.2297,hits pocket,0
0.3,0,3,0.304,0.0605,0.2297,hits pocket,0
0.3,0,4,0.304,0.0202,0.2297,hits pocket,0
0.3,0,5,0.304,-0.0202,0.2297,hits pocket,0
0.3,0,6,0.304,-0.0605,0.2297,model / self-contact,0
0.3,0,7,0.304,-0.1008,0.2297,reachable,1
0.3,0,8,0.304,-0.1411,0.2297,reachable,1
0.3,0,9,0.304,-0.1814,0.2297,reachable,1
0.3,1,0,0.304,0.1877,0.2086,hits pocket,0
0.3,1,1,0.304,0.146,0.2086,hits pocket,0
0.3,1,2,0.304,0.1043,0.2086,hits pocket,0
0.3,1,3,0.304,0.0626,0.2086,hits pocket,0
0.3,1,4,0.304,0.0209,0.2086,hits pocket,0
0.3,1,5,0.304,-0.0209,0.2086,hits pocket,0
0.3,1,6,0.304,-0.0626,0.2086,reachable,1
0.3,1,7,0.304,-0.1043,0.2086,reachable,1
0.3,1,8,0.304,-0.146,0.2086,reachable,1
0.3,1,9,0.304,-0.1877,0.2086,reachable,1
0.3,2,0,0.304,0.1944,0.186,hits pocket,0
0.3,2,1,0.304,0.1512,0.186,hits pocket,0
0.3,2,2,0.304,0.108,0.186,hits pocket,0
0.3,2,3,0.304,0.0648,0.186,hits pocket,0
0.3,2,4,0.304,0.0216,0.186,hits pocket,0
0.3,2,5,0.304,-0.0216,0.186,hits pocket,0
0.3,2,6,0.304,-0.0648,0.186,reachable,1
0.3,2,7,0.304,-0.108,0.186,reachable,1
0.3,2,8,0.304,-0.1512,0.186,reachable,1
0.3,2,9,0.304,-0.1944,0.186,reachable,1
0.3,3,0,0.304,0.2016,0.1617,outside workspace box,0
0.3,3,1,0.304,0.1568,0.1617,hits pocket,0
0.3,3,2,0.304,0.112,0.1617,hits pocket,0
0.3,3,3,0.304,0.0672,0.1617,hits pocket,0
0.3,3,4,0.304,0.0224,0.1617,hits pocket,0
0.3,3,5,0.304,-0.0224,0.1617,hits pocket,0
0.3,3,6,0.304,-0.0672,0.1617,model / self-contact,0
0.3,3,7,0.304,-0.112,0.1617,reachable,1
0.3,3,8,0.304,-0.1568,0.1617,reachable,1
0.3,3,9,0.304,-0.2016,0.1617,reachable,1
0.3,4,0,0.304,0.2094,0.1355,outside workspace box,0
0.3,4,1,0.304,0.1629,0.1355,hits pocket,0
0.3,4,2,0.304,0.1164,0.1355,hits pocket,0
0.3,4,3,0.304,0.0698,0.1355,hits pocket,0
0.3,4,4,0.304,0.0233,0.1355,hits pocket,0
0.3,4,5,0.304,-0.0233,0.1355,hits pocket,0
0.3,4,6,0.304,-0.0698,0.1355,model / self-contact,0
0.3,4,7,0.304,-0.1164,0.1355,reachable,1
0.3,4,8,0.304,-0.1629,0.1355,reachable,1
0.3,4,9,0.304,-0.2094,0.1355,reachable,1
0.3,5,0,0.304,0.2178,0.1072,outside workspace box,0
0.3,5,1,0.304,0.1694,0.1072,hits pocket,0
0.3,5,2,0.304,0.121,0.1072,hits pocket,0
0.3,5,3,0.304,0.0726,0.1072,hits pocket,0
0.3,5,4,0.304,0.0242,0.1072,hits pocket,0
0.3,5,5,0.304,-0.0242,0.1072,hits pocket,0
0.3,5,6,0.304,-0.0726,0.1072,model / self-contact,0
0.3,5,7,0.304,-0.121,0.1072,reachable,1
0.3,5,8,0.304,-0.1694,0.1072,reachable,1
0.3,5,9,0.304,-0.2178,0.1072,reachable,1
0.3,6,0,0.304,0.227,0.0765,outside workspace box,0
0.3,6,1,0.304,0.1765,0.0765,hits pocket,0
0.3,6,2,0.304,0.1261,0.0765,hits pocket,0
0.3,6,3,0.304,0.0757,0.0765,hits pocket,0
0.3,6,4,0.304,0.0252,0.0765,hits pocket,0
0.3,6,5,0.304,-0.0252,0.0765,hits pocket,0
0.3,6,6,0.304,-0.0757,0.0765,model / self-contact,0
0.3,6,7,0.304,-0.1261,0.0765,reachable,1
0.3,6,8,0.304,-0.1765,0.0765,reachable,1
0.3,6,9,0.304,-0.227,0.0765,reachable,1
0.3,7,0,0.304,0.2369,0.0432,outside workspace box,0
0.3,7,1,0.304,0.1842,0.0432,hits pocket,0
0.3,7,2,0.304,0.1316,0.0432,hits pocket,0
0.3,7,3,0.304,0.079,0.0432,hits pocket,0
0.3,7,4,0.304,0.0263,0.0432,hits pocket,0
0.3,7,5,0.304,-0.0263,0.0432,hits pocket,0
0.3,7,6,0.304,-0.079,0.0432,model / self-contact,0
0.3,7,7,0.304,-0.1316,0.0432,model / self-contact,0
0.3,7,8,0.304,-0.1842,0.0432,reachable,1
0.3,7,9,0.304,-0.2369,0.0432,reachable,1
0.3,8,0,0.304,0.2477,0.0068,outside workspace box,0
0.3,8,1,0.304,0.1926,0.0068,hits pocket,0
0.3,8,2,0.304,0.1376,0.0068,hits pocket,0
0.3,8,3,0.304,0.0826,0.0068,hits pocket,0
0.3,8,4,0.304,0.0275,0.0068,hits pocket,0
0.3,8,5,0.304,-0.0275,0.0068,hits pocket,0
0.3,8,6,0.304,-0.0826,0.0068,model / self-contact,0
0.3,8,7,0.304,-0.1376,0.0068,model / self-contact,0
0.3,8,8,0.304,-0.1926,0.0068,reachable,1
0.3,8,9,0.304,-0.2477,0.0068,reachable,1
0.3,9,0,0.304,0.2595,-0.0331,outside workspace box,0
0.3,9,1,0.304,0.2019,-0.0331,outside workspace box,0
0.3,9,2,0.304,0.1442,-0.0331,hits pocket,0
0.3,9,3,0.304,0.0865,-0.0331,hits pocket,0
0.3,9,4,0.304,0.0288,-0.0331,hits pocket,0
0.3,9,5,0.304,-0.0288,-0.0331,model / self-contact,0
0.3,9,6,0.304,-0.0865,-0.0331,model / self-contact,0
0.3,9,7,0.304,-0.1442,-0.0331,model / self-contact,0
0.3,9,8,0.304,-0.2019,-0.0331,model / self-contact,0
0.3,9,9,0.304,-0.2595,-0.0331,model / self-contact,0
0.35,0,0,0.354,0.2219,0.2364,outside workspace box,0
0.35,0,1,0.354,0.1726,0.2364,hits pocket,0
0.35,0,2,0.354,0.1233,0.2364,hits pocket,0
0.35,0,3,0.354,0.074,0.2364,hits pocket,0
0.35,0,4,0.354,0.0247,0.2364,hits pocket,0
0.35,0,5,0.354,-0.0247,0.2364,hits pocket,0
0.35,0,6,0.354,-0.074,0.2364,model / self-contact,0
0.35,0,7,0.354,-0.1233,0.2364,reachable,1
0.35,0,8,0.354,-0.1726,0.2364,reachable,1
0.35,0,9,0.354,-0.2219,0.2364,reachable,1
0.35,1,0,0.354,0.2296,0.2105,outside workspace box,0
0.35,1,1,0.354,0.1786,0.2105,hits pocket,0
0.35,1,2,0.354,0.1275,0.2105,hits pocket,0
0.35,1,3,0.354,0.0765,0.2105,hits pocket,0
0.35,1,4,0.354,0.0255,0.2105,hits pocket,0
0.35,1,5,0.354,-0.0255,0.2105,hits pocket,0
0.35,1,6,0.354,-0.0765,0.2105,model / self-contact,0
0.35,1,7,0.354,-0.1275,0.2105,reachable,1
0.35,1,8,0.354,-0.1786,0.2105,reachable,1
0.35,1,9,0.354,-0.2296,0.2105,reachable,1
0.35,2,0,0.354,0.2378,0.1829,outside workspace box,0
0.35,2,1,0.354,0.185,0.1829,hits pocket,0
0.35,2,2,0.354,0.1321,0.1829,hits pocket,0
0.35,2,3,0.354,0.0793,0.1829,hits pocket,0
0.35,2,4,0.354,0.0264,0.1829,hits pocket,0
0.35,2,5,0.354,-0.0264,0.1829,hits pocket,0
0.35,2,6,0.354,-0.0793,0.1829,model / self-contact,0
0.35,2,7,0.354,-0.1321,0.1829,reachable,1
0.35,2,8,0.354,-0.185,0.1829,reachable,1
0.35,2,9,0.354,-0.2378,0.1829,reachable,1
0.35,3,0,0.354,0.2467,0.1531,outside workspace box,0
0.35,3,1,0.354,0.1918,0.1531,hits pocket,0
0.35,3,2,0.354,0.137,0.1531,hits pocket,0
0.35,3,3,0.354,0.0822,0.1531,hits pocket,0
0.35,3,4,0.354,0.0274,0.1531,hits pocket,0
0.35,3,5,0.354,-0.0274,0.1531,hits pocket,0
0.35,3,6,0.354,-0.0822,0.1531,model / self-contact,0
0.35,3,7,0.354,-0.137,0.1531,reachable,1
0.35,3,8,0.354,-0.1918,0.1531,reachable,1
0.35,3,9,0.354,-0.2467,0.1531,reachable,1
0.35,4,0,0.354,0.2562,0.1211,outside workspace box,0
0.35,4,1,0.354,0.1993,0.1211,hits pocket,0
0.35,4,2,0.354,0.1423,0.1211,hits pocket,0
0.35,4,3,0.354,0.0854,0.1211,hits pocket,0
0.35,4,4,0.354,0.0285,0.1211,hits pocket,0
0.35,4,5,0.354,-0.0285,0.1211,hits pocket,0
0.35,4,6,0.354,-0.0854,0.1211,model / self-contact,0
0.35,4,7,0.354,-0.1423,0.1211,reachable,1
0.35,4,8,0.354,-0.1993,0.1211,reachable,1
0.35,4,9,0.354,-0.2562,0.1211,reachable,1
0.35,5,0,0.354,0.2665,0.0865,outside workspace box,0
0.35,5,1,0.354,0.2073,0.0865,outside workspace box,0
0.35,5,2,0.354,0.148,0.0865,hits pocket,0
0.35,5,3,0.354,0.0888,0.0865,hits pocket,0
0.35,5,4,0.354,0.0296,0.0865,hits pocket,0
0.35,5,5,0.354,-0.0296,0.0865,hits pocket,0
0.35,5,6,0.354,-0.0888,0.0865,model / self-contact,0
0.35,5,7,0.354,-0.148,0.0865,reachable,1
0.35,5,8,0.354,-0.2073,0.0865,reachable,1
0.35,5,9,0.354,-0.2665,0.0865,reachable,1
0.35,6,0,0.354,0.2776,0.049,outside workspace box,0
0.35,6,1,0.354,0.2159,0.049,outside workspace box,0
0.35,6,2,0.354,0.1542,0.049,hits pocket,0
0.35,6,3,0.354,0.0925,0.049,hits pocket,0
0.35,6,4,0.354,0.0308,0.049,hits pocket,0
0.35,6,5,0.354,-0.0308,0.049,hits pocket,0
0.35,6,6,0.354,-0.0925,0.049,model / self-contact,0
0.35,6,7,0.354,-0.1542,0.049,reachable,1
0.35,6,8,0.354,-0.2159,0.049,reachable,1
0.35,6,9,0.354,-0.2776,0.049,reachable,1
0.35,7,0,0.354,0.2898,0.0082,outside workspace box,0
0.35,7,1,0.354,0.2254,0.0082,outside workspace box,0
0.35,7,2,0.354,0.161,0.0082,hits pocket,0
0.35,7,3,0.354,0.0966,0.0082,hits pocket,0
0.35,7,4,0.354,0.0322,0.0082,hits pocket,0
0.35,7,5,0.354,-0.0322,0.0082,model / self-contact,0
0.35,7,6,0.354,-0.0966,0.0082,model / self-contact,0
0.35,7,7,0.354,-0.161,0.0082,reachable,1
0.35,7,8,0.354,-0.2254,0.0082,reachable,1
0.35,7,9,0.354,-0.2898,0.0082,reachable,1
0.35,8,0,0.354,0.303,-0.0363,outside workspace box,0
0.35,8,1,0.354,0.2357,-0.0363,outside workspace box,0
0.35,8,2,0.354,0.1683,-0.0363,hits pocket,0
0.35,8,3,0.354,0.101,-0.0363,hits pocket,0
0.35,8,4,0.354,0.0337,-0.0363,hits pocket,0
0.35,8,5,0.354,-0.0337,-0.0363,model / self-contact,0
0.35,8,6,0.354,-0.101,-0.0363,model / self-contact,0
0.35,8,7,0.354,-0.1683,-0.0363,model / self-contact,0
0.35,8,8,0.354,-0.2357,-0.0363,model / self-contact,0
0.35,8,9,0.354,-0.303,-0.0363,model / self-contact,0
0.35,9,0,0.354,0.3175,-0.0851,outside workspace box,0
0.35,9,1,0.354,0.2469,-0.0851,outside workspace box,0
0.35,9,2,0.354,0.1764,-0.0851,model / self-contact,0
0.35,9,3,0.354,0.1058,-0.0851,hits pocket,0
0.35,9,4,0.354,0.0353,-0.0851,hits pocket,0
0.35,9,5,0.354,-0.0353,-0.0851,model / self-contact,0
0.35,9,6,0.354,-0.1058,-0.0851,model / self-contact,0
0.35,9,7,0.354,-0.1764,-0.0851,model / self-contact,0
0.35,9,8,0.354,-0.2469,-0.0851,model / self-contact,0
0.35,9,9,0.354,-0.3175,-0.0851,model / self-contact,0
0.4,0,0,0.404,0.2624,0.243,outside workspace box,0
0.4,0,1,0.404,0.2041,0.243,outside workspace box,0
0.4,0,2,0.404,0.1458,0.243,model / self-contact,0
0.4,0,3,0.404,0.0875,0.243,hits pocket,0
0.4,0,4,0.404,0.0292,0.243,hits pocket,0
0.4,0,5,0.404,-0.0292,0.243,hits pocket,0
0.4,0,6,0.404,-0.0875,0.243,reachable,1
0.4,0,7,0.404,-0.1458,0.243,reachable,1
0.4,0,8,0.404,-0.2041,0.243,reachable,1
0.4,0,9,0.404,-0.2624,0.243,reachable,1
0.4,1,0,0.404,0.2715,0.2125,outside workspace box,0
0.4,1,1,0.404,0.2112,0.2125,outside workspace box,0
0.4,1,2,0.404,0.1508,0.2125,model / self-contact,0
0.4,1,3,0.404,0.0905,0.2125,hits pocket,0
0.4,1,4,0.404,0.0302,0.2125,hits pocket,0
0.4,1,5,0.404,-0.0302,0.2125,hits pocket,0
0.4,1,6,0.404,-0.0905,0.2125,reachable,1
0.4,1,7,0.404,-0.1508,0.2125,reachable,1
0.4,1,8,0.404,-0.2112,0.2125,reachable,1
0.4,1,9,0.404,-0.2715,0.2125,reachable,1
0.4,2,0,0.404,0.2812,0.1797,outside workspace box,0
0.4,2,1,0.404,0.2187,0.1797,outside workspace box,0
0.4,2,2,0.404,0.1562,0.1797,hits pocket,0
0.4,2,3,0.404,0.0937,0.1797,hits pocket,0
0.4,2,4,0.404,0.0312,0.1797,hits pocket,0
0.4,2,5,0.404,-0.0312,0.1797,hits pocket,0
0.4,2,6,0.404,-0.0937,0.1797,reachable,1
0.4,2,7,0.404,-0.1562,0.1797,reachable,1
0.4,2,8,0.404,-0.2187,0.1797,reachable,1
0.4,2,9,0.404,-0.2812,0.1797,reachable,1
0.4,3,0,0.404,0.2917,0.1446,outside workspace box,0
0.4,3,1,0.404,0.2269,0.1446,outside workspace box,0
0.4,3,2,0.404,0.162,0.1446,hits pocket,0
0.4,3,3,0.404,0.0972,0.1446,hits pocket,0
0.4,3,4,0.404,0.0324,0.1446,hits pocket,0
0.4,3,5,0.404,-0.0324,0.1446,hits pocket,0
0.4,3,6,0.404,-0.0972,0.1446,reachable,1
0.4,3,7,0.404,-0.162,0.1446,reachable,1
0.4,3,8,0.404,-0.2269,0.1446,reachable,1
0.4,3,9,0.404,-0.2917,0.1446,reachable,1
0.4,4,0,0.404,0.3029,0.1067,outside workspace box,0
0.4,4,1,0.404,0.2356,0.1067,outside workspace box,0
0.4,4,2,0.404,0.1683,0.1067,model / self-contact,0
0.4,4,3,0.404,0.101,0.1067,hits pocket,0
0.4,4,4,0.404,0.0337,0.1067,hits pocket,0
0.4,4,5,0.404,-0.0337,0.1067,hits pocket,0
0.4,4,6,0.404,-0.101,0.1067,reachable,1
0.4,4,7,0.404,-0.1683,0.1067,reachable,1
0.4,4,8,0.404,-0.2356,0.1067,reachable,1
0.4,4,9,0.404,-0.3029,0.1067,reachable,1
0.4,5,0,0.404,0.3151,0.0657,outside workspace box,0
0.4,5,1,0.404,0.2451,0.0657,outside workspace box,0
0.4,5,2,0.404,0.1751,0.0657,model / self-contact,0
0.4,5,3,0.404,0.105,0.0657,hits pocket,0
0.4,5,4,0.404,0.035,0.0657,hits pocket,0
0.4,5,5,0.404,-0.035,0.0657,hits pocket,0
0.4,5,6,0.404,-0.105,0.0657,model / self-contact,0
0.4,5,7,0.404,-0.1751,0.0657,reachable,1
0.4,5,8,0.404,-0.2451,0.0657,reachable,1
0.4,5,9,0.404,-0.3151,0.0657,reachable,1
0.4,6,0,0.404,0.3283,0.0214,outside workspace box,0
0.4,6,1,0.404,0.2553,0.0214,outside workspace box,0
0.4,6,2,0.404,0.1824,0.0214,model / self-contact,0
0.4,6,3,0.404,0.1094,0.0214,hits pocket,0
0.4,6,4,0.404,0.0365,0.0214,hits pocket,0
0.4,6,5,0.404,-0.0365,0.0214,hits pocket,0
0.4,6,6,0.404,-0.1094,0.0214,reachable,1
0.4,6,7,0.404,-0.1824,0.0214,reachable,1
0.4,6,8,0.404,-0.2553,0.0214,reachable,1
0.4,6,9,0.404,-0.3283,0.0214,reachable,1
0.4,7,0,0.404,0.3426,-0.0268,outside workspace box,0
0.4,7,1,0.404,0.2665,-0.0268,outside workspace box,0
0.4,7,2,0.404,0.1904,-0.0268,model / self-contact,0
0.4,7,3,0.404,0.1142,-0.0268,model / self-contact,0
0.4,7,4,0.404,0.0381,-0.0268,hits pocket,0
0.4,7,5,0.404,-0.0381,-0.0268,hits pocket,0
0.4,7,6,0.404,-0.1142,-0.0268,reachable,1
0.4,7,7,0.404,-0.1904,-0.0268,reachable,1
0.4,7,8,0.404,-0.2665,-0.0268,reachable,1
0.4,7,9,0.404,-0.3426,-0.0268,reachable,1
0.4,8,0,0.404,0.3583,-0.0795,outside workspace box,0
0.4,8,1,0.404,0.2787,-0.0795,outside workspace box,0
0.4,8,2,0.404,0.199,-0.0795,IK fails,0
0.4,8,3,0.404,0.1194,-0.0795,model / self-contact,0
0.4,8,4,0.404,0.0398,-0.0795,hits pocket,0
0.4,8,5,0.404,-0.0398,-0.0795,hits pocket,0
0.4,8,6,0.404,-0.1194,-0.0795,model / self-contact,0
0.4,8,7,0.404,-0.199,-0.0795,model / self-contact,0
0.4,8,8,0.404,-0.2787,-0.0795,model / self-contact,0
0.4,8,9,0.404,-0.3583,-0.0795,model / self-contact,0
0.4,9,0,0.404,0.3754,-0.1371,outside workspace box,0
0.4,9,1,0.404,0.292,-0.1371,outside workspace box,0
0.4,9,2,0.404,0.2086,-0.1371,outside workspace box,0
0.4,9,3,0.404,0.1251,-0.1371,IK fails,0
0.4,9,4,0.404,0.0417,-0.1371,hits pocket,0
0.4,9,5,0.404,-0.0417,-0.1371,model / self-contact,0
0.4,9,6,0.404,-0.1251,-0.1371,model / self-contact,0
0.4,9,7,0.404,-0.2086,-0.1371,model / self-contact,0
0.4,9,8,0.404,-0.292,-0.1371,model / self-contact,0
0.4,9,9,0.404,-0.3754,-0.1371,model / self-contact,0
0.45,0,0,0.454,0.3029,0.2496,outside workspace box,0
0.45,0,1,0.454,0.2356,0.2496,outside workspace box,0
0.45,0,2,0.454,0.1683,0.2496,model / self-contact,0
0.45,0,3,0.454,0.101,0.2496,model / self-contact,0
0.45,0,4,0.454,0.0337,0.2496,model / self-contact,0
0.45,0,5,0.454,-0.0337,0.2496,hits pocket,0
0.45,0,6,0.454,-0.101,0.2496,reachable,1
0.45,0,7,0.454,-0.1683,0.2496,reachable,1
0.45,0,8,0.454,-0.2356,0.2496,reachable,1
0.45,0,9,0.454,-0.3029,0.2496,reachable,1
0.45,1,0,0.454,0.3134,0.2144,outside workspace box,0
0.45,1,1,0.454,0.2438,0.2144,outside workspace box,0
0.45,1,2,0.454,0.1741,0.2144,model / self-contact,0
0.45,1,3,0.454,0.1045,0.2144,model / self-contact,0
0.45,1,4,0.454,0.0348,0.2144,model / self-contact,0
0.45,1,5,0.454,-0.0348,0.2144,hits pocket,0
0.45,1,6,0.454,-0.1045,0.2144,reachable,1
0.45,1,7,0.454,-0.1741,0.2144,reachable,1
0.45,1,8,0.454,-0.2438,0.2144,reachable,1
0.45,1,9,0.454,-0.3134,0.2144,reachable,1
0.45,2,0,0.454,0.3246,0.1766,outside workspace box,0
0.45,2,1,0.454,0.2525,0.1766,outside workspace box,0
0.45,2,2,0.454,0.1803,0.1766,model / self-contact,0
0.45,2,3,0.454,0.1082,0.1766,model / self-contact,0
0.45,2,4,0.454,0.0361,0.1766,hits pocket,0
0.45,2,5,0.454,-0.0361,0.1766,hits pocket,0
0.45,2,6,0.454,-0.1082,0.1766,reachable,1
0.45,2,7,0.454,-0.1803,0.1766,reachable,1
0.45,2,8,0.454,-0.2525,0.1766,reachable,1
0.45,2,9,0.454,-0.3246,0.1766,reachable,1
0.45,3,0,0.454,0.3367,0.136,outside workspace box,0
0.45,3,1,0.454,0.2619,0.136,outside workspace box,0
0.45,3,2,0.454,0.1871,0.136,model / self-contact,0
0.45,3,3,0.454,0.1122,0.136,model / self-contact,0
0.45,3,4,0.454,0.0374,0.136,hits pocket,0
0.45,3,5,0.454,-0.0374,0.136,hits pocket,0
0.45,3,6,0.454,-0.1122,0.136,reachable,1
0.45,3,7,0.454,-0.1871,0.136,reachable,1
0.45,3,8,0.454,-0.2619,0.136,reachable,1
0.45,3,9,0.454,-0.3367,0.136,reachable,1
0.45,4,0,0.454,0.3497,0.0923,outside workspace box,0
0.45,4,1,0.454,0.272,0.0923,outside workspace box,0
0.45,4,2,0.454,0.1943,0.0923,model / self-contact,0
0.45,4,3,0.454,0.1166,0.0923,model / self-contact,0
0.45,4,4,0.454,0.0389,0.0923,hits pocket,0
0.45,4,5,0.454,-0.0389,0.0923,hits pocket,0
0.45,4,6,0.454,-0.1166,0.0923,reachable,1
0.45,4,7,0.454,-0.1943,0.0923,reachable,1
0.45,4,8,0.454,-0.272,0.0923,reachable,1
0.45,4,9,0.454,-0.3497,0.0923,reachable,1
0.45,5,0,0.454,0.3637,0.045,outside workspace box,0
0.45,5,1,0.454,0.2829,0.045,outside workspace box,0
0.45,5,2,0.454,0.2021,0.045,outside workspace box,0
0.45,5,3,0.454,0.1212,0.045,model / self-contact,0
0.45,5,4,0.454,0.0404,0.045,hits pocket,0
0.45,5,5,0.454,-0.0404,0.045,hits pocket,0
0.45,5,6,0.454,-0.1212,0.045,reachable,1
0.45,5,7,0.454,-0.2021,0.045,reachable,1
0.45,5,8,0.454,-0.2829,0.045,reachable,1
0.45,5,9,0.454,-0.3637,0.045,reachable,1
0.45,6,0,0.454,0.379,-0.0062,outside workspace box,0
0.45,6,1,0.454,0.2948,-0.0062,outside workspace box,0
0.45,6,2,0.454,0.2105,-0.0062,outside workspace box,0
0.45,6,3,0.454,0.1263,-0.0062,model / self-contact,0
0.45,6,4,0.454,0.0421,-0.0062,model / self-contact,0
0.45,6,5,0.454,-0.0421,-0.0062,hits pocket,0
0.45,6,6,0.454,-0.1263,-0.0062,reachable,1
0.45,6,7,0.454,-0.2105,-0.0062,reachable,1
0.45,6,8,0.454,-0.2948,-0.0062,reachable,1
0.45,6,9,0.454,-0.379,-0.0062,model / self-contact,0
0.45,7,0,0.454,0.3955,-0.0618,outside workspace box,0
0.45,7,1,0.454,0.3076,-0.0618,outside workspace box,0
0.45,7,2,0.454,0.2197,-0.0618,outside workspace box,0
0.45,7,3,0.454,0.1318,-0.0618,IK fails,0
0.45,7,4,0.454,0.0439,-0.0618,model / self-contact,0
0.45,7,5,0.454,-0.0439,-0.0618,model / self-contact,0
0.45,7,6,0.454,-0.1318,-0.0618,model / self-contact,0
0.45,7,7,0.454,-0.2197,-0.0618,model / self-contact,0
0.45,7,8,0.454,-0.3076,-0.0618,model / self-contact,0
0.45,7,9,0.454,-0.3955,-0.0618,model / self-contact,0
0.45,8,0,0.454,0.4136,-0.1226,outside workspace box,0
0.45,8,1,0.454,0.3217,-0.1226,outside workspace box,0
0.45,8,2,0.454,0.2298,-0.1226,outside workspace box,0
0.45,8,3,0.454,0.1379,-0.1226,IK fails,0
0.45,8,4,0.454,0.046,-0.1226,IK fails,0
0.45,8,5,0.454,-0.046,-0.1226,model / self-contact,0
0.45,8,6,0.454,-0.1379,-0.1226,model / self-contact,0
0.45,8,7,0.454,-0.2298,-0.1226,model / self-contact,0
0.45,8,8,0.454,-0.3217,-0.1226,IK fails,0
0.45,8,9,0.454,-0.4136,-0.1226,IK fails,0
0.45,9,0,0.454,0.4334,-0.1892,outside workspace box,0
0.45,9,1,0.454,0.3371,-0.1892,outside workspace box,0
0.45,9,2,0.454,0.2408,-0.1892,outside workspace box,0
0.45,9,3,0.454,0.1445,-0.1892,IK fails,0
0.45,9,4,0.454,0.0482,-0.1892,IK fails,0
0.45,9,5,0.454,-0.0482,-0.1892,IK fails,0
0.45,9,6,0.454,-0.1445,-0.1892,IK fails,0
0.45,9,7,0.454,-0.2408,-0.1892,IK fails,0
0.45,9,8,0.454,-0.3371,-0.1892,IK fails,0
0.45,9,9,0.454,-0.4334,-0.1892,IK fails,0
0.5,0,0,0.504,0.3434,0.2563,outside workspace box,0
0.5,0,1,0.504,0.2671,0.2563,outside workspace box,0
0.5,0,2,0.504,0.1908,0.2563,IK fails,0
0.5,0,3,0.504,0.1145,0.2563,model / self-contact,0
0.5,0,4,0.504,0.0382,0.2563,model / self-contact,0
0.5,0,5,0.504,-0.0382,0.2563,reachable,1
0.5,0,6,0.504,-0.1145,0.2563,reachable,1
0.5,0,7,0.504,-0.1908,0.2563,reachable,1
0.5,0,8,0.504,-0.2671,0.2563,reachable,1
0.5,0,9,0.504,-0.3434,0.2563,reachable,1
0.5,1,0,0.504,0.3553,0.2163,outside workspace box,0
0.5,1,1,0.504,0.2763,0.2163,outside workspace box,0
0.5,1,2,0.504,0.1974,0.2163,IK fails,0
0.5,1,3,0.504,0.1184,0.2163,model / self-contact,0
0.5,1,4,0.504,0.0395,0.2163,model / self-contact,0
0.5,1,5,0.504,-0.0395,0.2163,reachable,1
0.5,1,6,0.504,-0.1184,0.2163,reachable,1
0.5,1,7,0.504,-0.1974,0.2163,reachable,1
0.5,1,8,0.504,-0.2763,0.2163,reachable,1
0.5,1,9,0.504,-0.3553,0.2163,reachable,1
0.5,2,0,0.504,0.368,0.1735,outside workspace box,0
0.5,2,1,0.504,0.2862,0.1735,outside workspace box,0
0.5,2,2,0.504,0.2045,0.1735,outside workspace box,0
0.5,2,3,0.504,0.1227,0.1735,model / self-contact,0
0.5,2,4,0.504,0.0409,0.1735,model / self-contact,0
0.5,2,5,0.504,-0.0409,0.1735,reachable,1
0.5,2,6,0.504,-0.1227,0.1735,reachable,1
0.5,2,7,0.504,-0.2045,0.1735,reachable,1
0.5,2,8,0.504,-0.2862,0.1735,reachable,1
0.5,2,9,0.504,-0.368,0.1735,reachable,1
0.5,3,0,0.504,0.3817,0.1274,outside workspace box,0
0.5,3,1,0.504,0.2969,0.1274,outside workspace box,0
0.5,3,2,0.504,0.2121,0.1274,outside workspace box,0
0.5,3,3,0.504,0.1272,0.1274,model / self-contact,0
0.5,3,4,0.504,0.0424,0.1274,model / self-contact,0
0.5,3,5,0.504,-0.0424,0.1274,reachable,1
0.5,3,6,0.504,-0.1272,0.1274,reachable,1
0.5,3,7,0.504,-0.2121,0.1274,reachable,1
0.5,3,8,0.504,-0.2969,0.1274,reachable,1
0.5,3,9,0.504,-0.3817,0.1274,model / self-contact,0
0.5,4,0,0.504,0.3965,0.0779,outside workspace box,0
0.5,4,1,0.504,0.3084,0.0779,outside workspace box,0
0.5,4,2,0.504,0.2203,0.0779,outside workspace box,0
0.5,4,3,0.504,0.1322,0.0779,model / self-contact,0
0.5,4,4,0.504,0.0441,0.0779,model / self-contact,0
0.5,4,5,0.504,-0.0441,0.0779,reachable,1
0.5,4,6,0.504,-0.1322,0.0779,reachable,1
0.5,4,7,0.504,-0.2203,0.0779,reachable,1
0.5,4,8,0.504,-0.3084,0.0779,reachable,1
0.5,4,9,0.504,-0.3965,0.0779,model / self-contact,0
0.5,5,0,0.504,0.4124,0.0243,outside workspace box,0
0.5,5,1,0.504,0.3207,0.0243,outside workspace box,0
0.5,5,2,0.504,0.2291,0.0243,outside workspace box,0
0.5,5,3,0.504,0.1375,0.0243,IK fails,0
0.5,5,4,0.504,0.0458,0.0243,model / self-contact,0
0.5,5,5,0.504,-0.0458,0.0243,reachable,1
0.5,5,6,0.504,-0.1375,0.0243,reachable,1
0.5,5,7,0.504,-0.2291,0.0243,reachable,1
0.5,5,8,0.504,-0.3207,0.0243,model / self-contact,0
0.5,5,9,0.504,-0.4124,0.0243,IK fails,0
0.5,6,0,0.504,0.4296,-0.0337,outside workspace box,0
0.5,6,1,0.504,0.3342,-0.0337,outside workspace box,0
0.5,6,2,0.504,0.2387,-0.0337,outside workspace box,0
0.5,6,3,0.504,0.1432,-0.0337,IK fails,0
0.5,6,4,0.504,0.0477,-0.0337,model / self-contact,0
0.5,6,5,0.504,-0.0477,-0.0337,model / self-contact,0
0.5,6,6,0.504,-0.1432,-0.0337,model / self-contact,0
0.5,6,7,0.504,-0.2387,-0.0337,model / self-contact,0
0.5,6,8,0.504,-0.3342,-0.0337,model / self-contact,0
0.5,6,9,0.504,-0.4296,-0.0337,IK fails,0
0.5,7,0,0.504,0.4484,-0.0968,outside workspace box,0
0.5,7,1,0.504,0.3488,-0.0968,outside workspace box,0
0.5,7,2,0.504,0.2491,-0.0968,outside workspace box,0
0.5,7,3,0.504,0.1495,-0.0968,IK fails,0
0.5,7,4,0.504,0.0498,-0.0968,IK fails,0
0.5,7,5,0.504,-0.0498,-0.0968,IK fails,0
0.5,7,6,0.504,-0.1495,-0.0968,model / self-contact,0
0.5,7,7,0.504,-0.2491,-0.0968,IK fails,0
0.5,7,8,0.504,-0.3488,-0.0968,IK fails,0
0.5,7,9,0.504,-0.4484,-0.0968,IK fails,0
0.5,8,0,0.504,0.4689,-0.1657,outside workspace box,0
0.5,8,1,0.504,0.3647,-0.1657,outside workspace box,0
0.5,8,2,0.504,0.2605,-0.1657,outside workspace box,0
0.5,8,3,0.504,0.1563,-0.1657,IK fails,0
0.5,8,4,0.504,0.0521,-0.1657,IK fails,0
0.5,8,5,0.504,-0.0521,-0.1657,IK fails,0
0.5,8,6,0.504,-0.1563,-0.1657,IK fails,0
0.5,8,7,0.504,-0.2605,-0.1657,IK fails,0
0.5,8,8,0.504,-0.3647,-0.1657,IK fails,0
0.5,8,9,0.504,-0.4689,-0.1657,IK fails,0
0.5,9,0,0.504,0.4913,-0.2412,outside workspace box,0
0.5,9,1,0.504,0.3821,-0.2412,outside workspace box,0
0.5,9,2,0.504,0.273,-0.2412,outside workspace box,0
0.5,9,3,0.504,0.1638,-0.2412,IK fails,0
0.5,9,4,0.504,0.0546,-0.2412,IK fails,0
0.5,9,5,0.504,-0.0546,-0.2412,IK fails,0
0.5,9,6,0.504,-0.1638,-0.2412,IK fails,0
0.5,9,7,0.504,-0.273,-0.2412,IK fails,0
0.5,9,8,0.504,-0.3821,-0.2412,IK fails,0
0.5,9,9,0.504,-0.4913,-0.2412,IK fails,0
0.55,0,0,0.554,0.3839,0.2629,outside workspace box,0
0.55,0,1,0.554,0.2986,0.2629,outside workspace box,0
0.55,0,2,0.554,0.2133,0.2629,outside workspace box,0
0.55,0,3,0.554,0.128,0.2629,IK fails,0
0.55,0,4,0.554,0.0427,0.2629,IK fails,0
0.55,0,5,0.554,-0.0427,0.2629,reachable,1
0.55,0,6,0.554,-0.128,0.2629,reachable,1
0.55,0,7,0.554,-0.2133,0.2629,reachable,1
0.55,0,8,0.554,-0.2986,0.2629,model / self-contact,0
0.55,0,9,0.554,-0.3839,0.2629,model / self-contact,0
0.55,1,0,0.554,0.3972,0.2182,outside workspace box,0
0.55,1,1,0.554,0.3089,0.2182,outside workspace box,0
0.55,1,2,0.554,0.2207,0.2182,outside workspace box,0
0.55,1,3,0.554,0.1324,0.2182,model / self-contact,0
0.55,1,4,0.554,0.0441,0.2182,model / self-contact,0
0.55,1,5,0.554,-0.0441,0.2182,reachable,1
0.55,1,6,0.554,-0.1324,0.2182,reachable,1
0.55,1,7,0.554,-0.2207,0.2182,reachable,1
0.55,1,8,0.554,-0.3089,0.2182,model / self-contact,0
0.55,1,9,0.554,-0.3972,0.2182,model / self-contact,0
0.55,2,0,0.554,0.4114,0.1703,outside workspace box,0
0.55,2,1,0.554,0.32,0.1703,outside workspace box,0
0.55,2,2,0.554,0.2286,0.1703,outside workspace box,0
0.55,2,3,0.554,0.1371,0.1703,IK fails,0
0.55,2,4,0.554,0.0457,0.1703,model / self-contact,0
0.55,2,5,0.554,-0.0457,0.1703,reachable,1
0.55,2,6,0.554,-0.1371,0.1703,reachable,1
0.55,2,7,0.554,-0.2286,0.1703,reachable,1
0.55,2,8,0.554,-0.32,0.1703,model / self-contact,0
0.55,2,9,0.554,-0.4114,0.1703,IK fails,0
0.55,3,0,0.554,0.4267,0.1189,outside workspace box,0
0.55,3,1,0.554,0.3319,0.1189,outside workspace box,0
0.55,3,2,0.554,0.2371,0.1189,outside workspace box,0
0.55,3,3,0.554,0.1422,0.1189,IK fails,0
0.55,3,4,0.554,0.0474,0.1189,model / self-contact,0
0.55,3,5,0.554,-0.0474,0.1189,model / self-contact,0
0.55,3,6,0.554,-0.1422,0.1189,reachable,1
0.55,3,7,0.554,-0.2371,0.1189,model / self-contact,0
0.55,3,8,0.554,-0.3319,0.1189,model / self-contact,0
0.55,3,9,0.554,-0.4267,0.1189,IK fails,0
0.55,4,0,0.554,0.4432,0.0635,outside workspace box,0
0.55,4,1,0.554,0.3447,0.0635,outside workspace box,0
0.55,4,2,0.554,0.2462,0.0635,outside workspace box,0
0.55,4,3,0.554,0.1477,0.0635,IK fails,0
0.55,4,4,0.554,0.0492,0.0635,model / self-contact,0
0.55,4,5,0.554,-0.0492,0.0635,model / self-contact,0
0.55,4,6,0.554,-0.1477,0.0635,model / self-contact,0
0.55,4,7,0.554,-0.2462,0.0635,model / self-contact,0
0.55,4,8,0.554,-0.3447,0.0635,IK fails,0
0.55,4,9,0.554,-0.4432,0.0635,IK fails,0
0.55,5,0,0.554,0.461,0.0036,outside workspace box,0
0.55,5,1,0.554,0.3586,0.0036,outside workspace box,0
0.55,5,2,0.554,0.2561,0.0036,outside workspace box,0
0.55,5,3,0.554,0.1537,0.0036,IK fails,0
0.55,5,4,0.554,0.0512,0.0036,IK fails,0
0.55,5,5,0.554,-0.0512,0.0036,model / self-contact,0
0.55,5,6,0.554,-0.1537,0.0036,model / self-contact,0
0.55,5,7,0.554,-0.2561,0.0036,IK fails,0
0.55,5,8,0.554,-0.3586,0.0036,IK fails,0
0.55,5,9,0.554,-0.461,0.0036,IK fails,0
0.55,6,0,0.554,0.4803,-0.0613,outside workspace box,0
0.55,6,1,0.554,0.3736,-0.0613,outside workspace box,0
0.55,6,2,0.554,0.2668,-0.0613,outside workspace box,0
0.55,6,3,0.554,0.1601,-0.0613,IK fails,0
0.55,6,4,0.554,0.0534,-0.0613,IK fails,0
0.55,6,5,0.554,-0.0534,-0.0613,IK fails,0
0.55,6,6,0.554,-0.1601,-0.0613,IK fails,0
0.55,6,7,0.554,-0.2668,-0.0613,IK fails,0
0.55,6,8,0.554,-0.3736,-0.0613,IK fails,0
0.55,6,9,0.554,-0.4803,-0.0613,IK fails,0
0.55,7,0,0.554,0.5013,-0.1319,outside workspace box,0
0.55,7,1,0.554,0.3899,-0.1319,outside workspace box,0
0.55,7,2,0.554,0.2785,-0.1319,outside workspace box,0
0.55,7,3,0.554,0.1671,-0.1319,IK fails,0
0.55,7,4,0.554,0.0557,-0.1319,IK fails,0
0.55,7,5,0.554,-0.0557,-0.1319,IK fails,0
0.55,7,6,0.554,-0.1671,-0.1319,IK fails,0
0.55,7,7,0.554,-0.2785,-0.1319,IK fails,0
0.55,7,8,0.554,-0.3899,-0.1319,IK fails,0
0.55,7,9,0.554,-0.5013,-0.1319,IK fails,0
0.55,8,0,0.554,0.5242,-0.2089,outside workspace box,0
0.55,8,1,0.554,0.4077,-0.2089,outside workspace box,0
0.55,8,2,0.554,0.2912,-0.2089,outside workspace box,0
0.55,8,3,0.554,0.1747,-0.2089,IK fails,0
0.55,8,4,0.554,0.0582,-0.2089,IK fails,0
0.55,8,5,0.554,-0.0582,-0.2089,IK fails,0
0.55,8,6,0.554,-0.1747,-0.2089,IK fails,0
0.55,8,7,0.554,-0.2912,-0.2089,IK fails,0
0.55,8,8,0.554,-0.4077,-0.2089,IK fails,0
0.55,8,9,0.554,-0.5242,-0.2089,IK fails,0
0.55,9,0,0.554,0.5493,-0.2932,outside workspace box,0
0.55,9,1,0.554,0.4272,-0.2932,outside workspace box,0
0.55,9,2,0.554,0.3051,-0.2932,outside workspace box,0
0.55,9,3,0.554,0.1831,-0.2932,IK fails,0
0.55,9,4,0.554,0.061,-0.2932,IK fails,0
0.55,9,5,0.554,-0.061,-0.2932,IK fails,0
0.55,9,6,0.554,-0.1831,-0.2932,IK fails,0
0.55,9,7,0.554,-0.3051,-0.2932,IK fails,0
0.55,9,8,0.554,-0.4272,-0.2932,IK fails,0
0.55,9,9,0.554,-0.5493,-0.2932,IK fails,0
0.6,0,0,0.604,0.4244,0.2695,outside workspace box,0
0.6,0,1,0.604,0.3301,0.2695,outside workspace box,0
0.6,0,2,0.604,0.2358,0.2695,outside workspace box,0
0.6,0,3,0.604,0.1415,0.2695,IK fails,0
0.6,0,4,0.604,0.0472,0.2695,IK fails,0
0.6,0,5,0.604,-0.0472,0.2695,model / self-contact,0
0.6,0,6,0.604,-0.1415,0.2695,model / self-contact,0
0.6,0,7,0.604,-0.2358,0.2695,model / self-contact,0
0.6,0,8,0.604,-0.3301,0.2695,IK fails,0
0.6,0,9,0.604,-0.4244,0.2695,IK fails,0
0.6,1,0,0.604,0.4391,0.2201,outside workspace box,0
0.6,1,1,0.604,0.3415,0.2201,outside workspace box,0
0.6,1,2,0.604,0.2439,0.2201,outside workspace box,0
0.6,1,3,0.604,0.1464,0.2201,IK fails,0
0.6,1,4,0.604,0.0488,0.2201,IK fails,0
0.6,1,5,0.604,-0.0488,0.2201,model / self-contact,0
0.6,1,6,0.604,-0.1464,0.2201,model / self-contact,0
0.6,1,7,0.604,-0.2439,0.2201,model / self-contact,0
0.6,1,8,0.604,-0.3415,0.2201,IK fails,0
0.6,1,9,0.604,-0.4391,0.2201,IK fails,0
0.6,2,0,0.604,0.4548,0.1672,outside workspace box,0
0.6,2,1,0.604,0.3538,0.1672,outside workspace box,0
0.6,2,2,0.604,0.2527,0.1672,outside workspace box,0
0.6,2,3,0.604,0.1516,0.1672,IK fails,0
0.6,2,4,0.604,0.0505,0.1672,IK fails,0
0.6,2,5,0.604,-0.0505,0.1672,model / self-contact,0
0.6,2,6,0.604,-0.1516,0.1672,model / self-contact,0
0.6,2,7,0.604,-0.2527,0.1672,IK fails,0
0.6,2,8,0.604,-0.3538,0.1672,IK fails,0
0.6,2,9,0.604,-0.4548,0.1672,IK fails,0
0.6,3,0,0.604,0.4718,0.1103,outside workspace box,0
0.6,3,1,0.604,0.3669,0.1103,outside workspace box,0
0.6,3,2,0.604,0.2621,0.1103,outside workspace box,0
0.6,3,3,0.604,0.1573,0.1103,IK fails,0
0.6,3,4,0.604,0.0524,0.1103,IK fails,0
0.6,3,5,0.604,-0.0524,0.1103,IK fails,0
0.6,3,6,0.604,-0.1573,0.1103,IK fails,0
0.6,3,7,0.604,-0.2621,0.1103,IK fails,0
0.6,3,8,0.604,-0.3669,0.1103,IK fails,0
0.6,3,9,0.604,-0.4718,0.1103,IK fails,0
0.6,4,0,0.604,0.49,0.0491,outside workspace box,0
0.6,4,1,0.604,0.3811,0.0491,outside workspace box,0
0.6,4,2,0.604,0.2722,0.0491,outside workspace box,0
0.6,4,3,0.604,0.1633,0.0491,IK fails,0
0.6,4,4,0.604,0.0544,0.0491,IK fails,0
0.6,4,5,0.604,-0.0544,0.0491,IK fails,0
0.6,4,6,0.604,-0.1633,0.0491,IK fails,0
0.6,4,7,0.604,-0.2722,0.0491,IK fails,0
0.6,4,8,0.604,-0.3811,0.0491,IK fails,0
0.6,4,9,0.604,-0.49,0.0491,IK fails,0
0.6,5,0,0.604,0.5096,-0.0171,outside workspace box,0
0.6,5,1,0.604,0.3964,-0.0171,outside workspace box,0
0.6,5,2,0.604,0.2831,-0.0171,outside workspace box,0
0.6,5,3,0.604,0.1699,-0.0171,IK fails,0
0.6,5,4,0.604,0.0566,-0.0171,IK fails,0
0.6,5,5,0.604,-0.0566,-0.0171,IK fails,0
0.6,5,6,0.604,-0.1699,-0.0171,IK fails,0
0.6,5,7,0.604,-0.2831,-0.0171,IK fails,0
0.6,5,8,0.604,-0.3964,-0.0171,IK fails,0
0.6,5,9,0.604,-0.5096,-0.0171,IK fails,0
0.6,6,0,0.604,0.531,-0.0889,outside workspace box,0
0.6,6,1,0.604,0.413,-0.0889,outside workspace box,0
0.6,6,2,0.604,0.295,-0.0889,outside workspace box,0
0.6,6,3,0.604,0.177,-0.0889,IK fails,0
0.6,6,4,0.604,0.059,-0.0889,IK fails,0
0.6,6,5,0.604,-0.059,-0.0889,IK fails,0
0.6,6,6,0.604,-0.177,-0.0889,IK fails,0
0.6,6,7,0.604,-0.295,-0.0889,IK fails,0
0.6,6,8,0.604,-0.413,-0.0889,IK fails,0
0.6,6,9,0.604,-0.531,-0.0889,IK fails,0
0.6,7,0,0.604,0.5542,-0.1669,outside workspace box,0
0.6,7,1,0.604,0.431,-0.1669,outside workspace box,0
0.6,7,2,0.604,0.3079,-0.1669,outside workspace box,0
0.6,7,3,0.604,0.1847,-0.1669,IK fails,0
0.6,7,4,0.604,0.0616,-0.1669,IK fails,0
0.6,7,5,0.604,-0.0616,-0.1669,IK fails,0
0.6,7,6,0.604,-0.1847,-0.1669,IK fails,0
0.6,7,7,0.604,-0.3079,-0.1669,IK fails,0
0.6,7,8,0.604,-0.431,-0.1669,IK fails,0
0.6,7,9,0.604,-0.5542,-0.1669,IK fails,0
0.6,8,0,0.604,0.5795,-0.252,outside workspace box,0
0.6,8,1,0.604,0.4507,-0.252,outside workspace box,0
0.6,8,2,0.604,0.3219,-0.252,outside workspace box,0
0.6,8,3,0.604,0.1932,-0.252,IK fails,0
0.6,8,4,0.604,0.0644,-0.252,IK fails,0
0.6,8,5,0.604,-0.0644,-0.252,IK fails,0
0.6,8,6,0.604,-0.1932,-0.252,IK fails,0
0.6,8,7,0.604,-0.3219,-0.252,IK fails,0
0.6,8,8,0.604,-0.4507,-0.252,IK fails,0
0.6,8,9,0.604,-0.5795,-0.252,IK fails,0
0.6,9,0,0.604,0.6072,-0.3453,outside workspace box,0
0.6,9,1,0.604,0.4723,-0.3453,outside workspace box,0
0.6,9,2,0.604,0.3373,-0.3453,outside workspace box,0
0.6,9,3,0.604,0.2024,-0.3453,outside workspace box,0
0.6,9,4,0.604,0.0675,-0.3453,IK fails,0
0.6,9,5,0.604,-0.0675,-0.3453,IK fails,0
0.6,9,6,0.604,-0.2024,-0.3453,IK fails,0
0.6,9,7,0.604,-0.3373,-0.3453,IK fails,0
0.6,9,8,0.604,-0.4723,-0.3453,IK fails,0
0.6,9,9,0.604,-0.6072,-0.3453,IK fails,0
0.65,0,0,0.654,0.4649,0.2762,outside workspace box,0
0.65,0,1,0.654,0.3616,0.2762,outside workspace box,0
0.65,0,2,0.654,0.2583,0.2762,outside workspace box,0
0.65,0,3,0.654,0.155,0.2762,outside workspace box,0
0.65,0,4,0.654,0.0517,0.2762,outside workspace box,0
0.65,0,5,0.654,-0.0517,0.2762,outside workspace box,0
0.65,0,6,0.654,-0.155,0.2762,outside workspace box,0
0.65,0,7,0.654,-0.2583,0.2762,outside workspace box,0
0.65,0,8,0.654,-0.3616,0.2762,outside workspace box,0
0.65,0,9,0.654,-0.4649,0.2762,outside workspace box,0
0.65,1,0,0.654,0.481,0.2221,outside workspace box,0
0.65,1,1,0.654,0.3741,0.2221,outside workspace box,0
0.65,1,2,0.654,0.2672,0.2221,outside workspace box,0
0.65,1,3,0.654,0.1603,0.2221,outside workspace box,0
0.65,1,4,0.654,0.0534,0.2221,outside workspace box,0
0.65,1,5,0.654,-0.0534,0.2221,outside workspace box,0
0.65,1,6,0.654,-0.1603,0.2221,outside workspace box,0
0.65,1,7,0.654,-0.2672,0.2221,outside workspace box,0
0.65,1,8,0.654,-0.3741,0.2221,outside workspace box,0
0.65,1,9,0.654,-0.481,0.2221,outside workspace box,0
0.65,2,0,0.654,0.4982,0.1641,outside workspace box,0
0.65,2,1,0.654,0.3875,0.1641,outside workspace box,0
0.65,2,2,0.654,0.2768,0.1641,outside workspace box,0
0.65,2,3,0.654,0.1661,0.1641,outside workspace box,0
0.65,2,4,0.654,0.0554,0.1641,outside workspace box,0
0.65,2,5,0.654,-0.0554,0.1641,outside workspace box,0
0.65,2,6,0.654,-0.1661,0.1641,outside workspace box,0
0.65,2,7,0.654,-0.2768,0.1641,outside workspace box,0
0.65,2,8,0.654,-0.3875,0.1641,outside workspace box,0
0.65,2,9,0.654,-0.4982,0.1641,outside workspace box,0
0.65,3,0,0.654,0.5168,0.1018,outside workspace box,0
0.65,3,1,0.654,0.4019,0.1018,outside workspace box,0
0.65,3,2,0.654,0.2871,0.1018,outside workspace box,0
0.65,3,3,0.654,0.1723,0.1018,outside workspace box,0
0.65,3,4,0.654,0.0574,0.1018,outside workspace box,0
0.65,3,5,0.654,-0.0574,0.1018,outside workspace box,0
0.65,3,6,0.654,-0.1723,0.1018,outside workspace box,0
0.65,3,7,0.654,-0.2871,0.1018,outside workspace box,0
0.65,3,8,0.654,-0.4019,0.1018,outside workspace box,0
0.65,3,9,0.654,-0.5168,0.1018,outside workspace box,0
0.65,4,0,0.654,0.5367,0.0347,outside workspace box,0
0.65,4,1,0.654,0.4175,0.0347,outside workspace box,0
0.65,4,2,0.654,0.2982,0.0347,outside workspace box,0
0.65,4,3,0.654,0.1789,0.0347,outside workspace box,0
0.65,4,4,0.654,0.0596,0.0347,outside workspace box,0
0.65,4,5,0.654,-0.0596,0.0347,outside workspace box,0
0.65,4,6,0.654,-0.1789,0.0347,outside workspace box,0
0.65,4,7,0.654,-0.2982,0.0347,outside workspace box,0
0.65,4,8,0.654,-0.4175,0.0347,outside workspace box,0
0.65,4,9,0.654,-0.5367,0.0347,outside workspace box,0
0.65,5,0,0.654,0.5583,-0.0379,outside workspace box,0
0.65,5,1,0.654,0.4342,-0.0379,outside workspace box,0
0.65,5,2,0.654,0.3102,-0.0379,outside workspace box,0
0.65,5,3,0.654,0.1861,-0.0379,outside workspace box,0
0.65,5,4,0.654,0.062,-0.0379,outside workspace box,0
0.65,5,5,0.654,-0.062,-0.0379,outside workspace box,0
0.65,5,6,0.654,-0.1861,-0.0379,outside workspace box,0
0.65,5,7,0.654,-0.3102,-0.0379,outside workspace box,0
0.65,5,8,0.654,-0.4342,-0.0379,outside workspace box,0
0.65,5,9,0.654,-0.5583,-0.0379,outside workspace box,0
0.65,6,0,0.654,0.5816,-0.1164,outside workspace box,0
0.65,6,1,0.654,0.4524,-0.1164,outside workspace box,0
0.65,6,2,0.654,0.3231,-0.1164,outside workspace box,0
0.65,6,3,0.654,0.1939,-0.1164,outside workspace box,0
0.65,6,4,0.654,0.0646,-0.1164,outside workspace box,0
0.65,6,5,0.654,-0.0646,-0.1164,outside workspace box,0
0.65,6,6,0.654,-0.1939,-0.1164,outside workspace box,0
0.65,6,7,0.654,-0.3231,-0.1164,outside workspace box,0
0.65,6,8,0.654,-0.4524,-0.1164,outside workspace box,0
0.65,6,9,0.654,-0.5816,-0.1164,outside workspace box,0
0.65,7,0,0.654,0.607,-0.2019,outside workspace box,0
0.65,7,1,0.654,0.4721,-0.2019,outside workspace box,0
0.65,7,2,0.654,0.3372,-0.2019,outside workspace box,0
0.65,7,3,0.654,0.2023,-0.2019,outside workspace box,0
0.65,7,4,0.654,0.0674,-0.2019,outside workspace box,0
0.65,7,5,0.654,-0.0674,-0.2019,outside workspace box,0
0.65,7,6,0.654,-0.2023,-0.2019,outside workspace box,0
0.65,7,7,0.654,-0.3372,-0.2019,outside workspace box,0
0.65,7,8,0.654,-0.4721,-0.2019,outside workspace box,0
0.65,7,9,0.654,-0.607,-0.2019,outside workspace box,0
0.65,8,0,0.654,0.6348,-0.2951,outside workspace box,0
0.65,8,1,0.654,0.4937,-0.2951,outside workspace box,0
0.65,8,2,0.654,0.3526,-0.2951,outside workspace box,0
0.65,8,3,0.654,0.2116,-0.2951,outside workspace box,0
0.65,8,4,0.654,0.0705,-0.2951,outside workspace box,0
0.65,8,5,0.654,-0.0705,-0.2951,outside workspace box,0
0.65,8,6,0.654,-0.2116,-0.2951,outside workspace box,0
0.65,8,7,0.654,-0.3526,-0.2951,outside workspace box,0
0.65,8,8,0.654,-0.4937,-0.2951,outside workspace box,0
0.65,8,9,0.654,-0.6348,-0.2951,outside workspace box,0
0.65,9,0,0.654,0.6651,-0.3973,outside workspace box,0
0.65,9,1,0.654,0.5173,-0.3973,outside workspace box,0
0.65,9,2,0.654,0.3695,-0.3973,outside workspace box,0
0.65,9,3,0.654,0.2217,-0.3973,outside workspace box,0
0.65,9,4,0.654,0.0739,-0.3973,outside workspace box,0
0.65,9,5,0.654,-0.0739,-0.3973,outside workspace box,0
0.65,9,6,0.654,-0.2217,-0.3973,outside workspace box,0
0.65,9,7,0.654,-0.3695,-0.3973,outside workspace box,0
0.65,9,8,0.654,-0.5173,-0.3973,outside workspace box,0
0.65,9,9,0.654,-0.6651,-0.3973,outside workspace box,0
