depth,row,col,u,v,tx,ty,tz,reach_ok,in_ws_box,converged,err_m,joint_margin_rad,max_joint_rad,q0,q1,q2,q3,q4,q5,q6
0.3,0,0,32.0,18.0,0.4133,0.27,0.2442,0,0,0,,,,,,,,,,
0.3,0,1,96.0,18.0,0.4133,0.21,0.2442,0,0,0,,,,,,,,,,
0.3,0,2,160.0,18.0,0.4133,0.15,0.2442,1,1,1,8e-05,1.2716,0.8388,-0.838823,0.316621,0.346565,0.310385,-0.138763,0.273754,-0.016319
0.3,0,3,224.0,18.0,0.4133,0.09,0.2442,1,1,1,4e-05,1.1717,0.6437,-0.643698,0.224975,0.302825,0.124518,-0.088666,0.16154,0.022546
0.3,0,4,288.0,18.0,0.4133,0.03,0.2442,1,1,1,8e-05,1.0522,0.5114,-0.511363,0.148264,0.231452,0.005023,-0.049189,0.070168,0.041729
0.3,0,5,352.0,18.0,0.4133,-0.03,0.2442,1,1,1,3e-05,0.9744,0.4219,-0.42191,0.084561,0.142624,-0.07282,-0.021232,0.004512,0.034865
0.3,0,6,416.0,18.0,0.4133,-0.09,0.2442,1,1,1,6e-05,0.9291,0.3681,-0.368101,0.027912,0.041373,-0.118071,-0.001683,-0.03398,0.006636
0.3,0,7,480.0,18.0,0.4133,-0.15,0.2442,1,1,1,6e-05,0.9147,0.3479,-0.347872,-0.028748,-0.069543,-0.13253,0.014106,-0.043617,-0.033307
0.3,0,8,544.0,18.0,0.4133,-0.21,0.2442,1,1,1,8e-05,0.931,0.3582,-0.35819,-0.09236,-0.187212,-0.116204,0.031197,-0.024165,-0.072838
0.3,0,9,608.0,18.0,0.4133,-0.27,0.2442,1,1,1,4e-05,0.98,0.3963,-0.396281,-0.168876,-0.308483,-0.067172,0.054296,0.023727,-0.10021
0.3,1,0,32.0,54.0,0.4022,0.27,0.2124,0,0,0,,,,,,,,,,
0.3,1,1,96.0,54.0,0.4022,0.21,0.2124,0,0,0,,,,,,,,,,
0.3,1,2,160.0,54.0,0.4022,0.15,0.2124,1,1,1,9e-05,1.2704,0.7072,-0.707171,0.317833,0.387196,0.273371,-0.132479,0.236634,0.010377
0.3,1,3,224.0,54.0,0.4022,0.09,0.2124,1,1,1,6e-05,1.1456,0.5207,-0.520748,0.221406,0.337513,0.098411,-0.081382,0.122947,0.05549
0.3,1,4,288.0,54.0,0.4022,0.03,0.2124,1,1,1,4e-05,1.0304,0.3912,-0.391212,0.145083,0.262076,-0.016796,-0.043555,0.032003,0.073815
0.3,1,5,352.0,54.0,0.4022,-0.03,0.2124,1,1,1,3e-05,0.9535,0.3016,-0.301636,0.084377,0.170939,-0.093654,-0.018831,-0.033633,0.062299
0.3,1,6,416.0,54.0,0.4022,-0.09,0.2124,1,1,1,3e-05,0.9085,0.248,-0.247973,0.032299,0.06815,-0.138739,-0.003581,-0.072169,0.026955
0.3,1,7,480.0,54.0,0.4022,-0.15,0.2124,1,1,1,3e-05,0.8938,0.2288,-0.228808,-0.019209,-0.043996,-0.153435,0.007352,-0.082028,-0.021275
0.3,1,8,544.0,54.0,0.4022,-0.21,0.2124,1,1,1,9e-05,0.9097,0.2413,-0.24129,-0.07796,-0.162989,-0.137472,0.019572,-0.062893,-0.068986
0.3,1,9,608.0,54.0,0.4022,-0.27,0.2124,1,1,1,7e-05,0.9581,0.2858,-0.282089,-0.150356,-0.285796,-0.089101,0.038342,-0.015375,-0.103168
0.3,2,0,32.0,90.0,0.391,0.27,0.1805,0,0,0,,,,,,,,,,
0.3,2,1,96.0,90.0,0.391,0.21,0.1805,0,0,0,,,,,,,,,,
0.3,2,2,160.0,90.0,0.391,0.15,0.1805,1,1,1,6e-05,1.2724,0.5905,-0.590497,0.31583,0.422063,0.252769,-0.124893,0.20799,0.037188
0.3,2,3,224.0,90.0,0.391,0.09,0.1805,1,1,1,9e-05,1.1311,0.4094,-0.409352,0.216288,0.366962,0.083947,-0.073092,0.094514,0.086493
0.3,2,4,288.0,90.0,0.391,0.03,0.1805,1,1,1,4e-05,1.018,0.2882,-0.280838,0.141003,0.288209,-0.029215,-0.036722,0.004681,0.103571
0.3,2,5,352.0,90.0,0.391,-0.03,0.1805,1,1,1,5e-05,0.9415,0.1953,-0.190933,0.083529,0.195334,-0.105716,-0.014988,-0.06018,0.087557
0.3,2,6,416.0,90.0,0.391,-0.09,0.1805,1,1,1,3e-05,0.8958,0.1514,-0.136733,0.035904,0.091871,-0.151361,-0.003861,-0.098701,0.045693
0.3,2,7,480.0,90.0,0.391,-0.15,0.1805,1,1,1,9e-05,0.881,0.1662,-0.118875,-0.010719,-0.020794,-0.166184,0.002307,-0.108594,-0.010203
0.3,2,8,544.0,90.0,0.391,-0.21,0.1805,1,1,1,3e-05,0.897,0.1502,-0.133888,-0.065066,-0.140441,-0.150161,0.009716,-0.089853,-0.065408
0.3,2,9,608.0,90.0,0.391,-0.27,0.1805,1,1,1,7e-05,0.9451,0.2641,-0.177326,-0.13377,-0.264106,-0.102098,0.024183,-0.043364,-0.10573
0.3,3,0,32.0,126.0,0.3799,0.27,0.1487,0,0,0,,,,,,,,,,
0.3,3,1,96.0,126.0,0.3799,0.21,0.1487,0,0,0,,,,,,,,,,
0.3,3,2,160.0,126.0,0.3799,0.15,0.1487,1,1,1,8e-05,1.2753,0.4874,-0.487359,0.312907,0.450988,0.245699,-0.116805,0.188301,0.061432
0.3,3,3,224.0,126.0,0.3799,0.09,0.1487,1,1,1,5e-05,1.1275,0.391,-0.30977,0.211489,0.390982,0.080281,-0.064277,0.076643,0.113714
0.3,3,4,288.0,126.0,0.3799,0.03,0.1487,1,1,1,5e-05,1.0148,0.3096,-0.181249,0.137448,0.309622,-0.032447,-0.028994,-0.011379,0.129664
0.3,3,5,352.0,126.0,0.3799,-0.03,0.1487,1,1,1,6e-05,0.9371,0.2159,-0.089714,0.082867,0.215923,-0.110069,-0.009853,-0.075488,0.109952
0.3,3,6,416.0,126.0,0.3799,-0.09,0.1487,1,1,1,6e-05,0.8907,0.1565,-0.035127,0.039364,0.112426,-0.156486,-0.002585,-0.1136,0.062354
0.3,3,7,480.0,126.0,0.3799,-0.15,0.1487,1,1,1,5e-05,0.8753,0.1719,-0.018006,-0.002803,0.000118,-0.171901,-0.001028,-0.12384,-0.000208
0.3,3,8,544.0,126.0,0.3799,-0.21,0.1487,1,1,1,4e-05,0.8917,0.1555,-0.035864,-0.053272,-0.119552,-0.155484,0.001698,-0.10561,-0.061992
0.3,3,9,608.0,126.0,0.3799,-0.27,0.1487,1,1,1,3e-05,0.9408,0.2437,-0.0832,-0.119273,-0.243698,-0.106358,0.012068,-0.059962,-0.107557
0.3,4,0,32.0,162.0,0.3687,0.27,0.1168,0,0,0,,,,,,,,,,
0.3,4,1,96.0,162.0,0.3687,0.21,0.1168,0,0,0,,,,,,,,,,
0.3,4,2,160.0,162.0,0.3687,0.15,0.1168,1,1,1,7e-05,1.277,0.4737,-0.398027,0.311242,0.473674,0.251609,-0.108991,0.178012,0.080856
0.3,4,3,224.0,162.0,0.3687,0.09,0.1168,1,1,1,6e-05,1.1335,0.4099,-0.221448,0.208199,0.409863,0.086295,-0.055439,0.068798,0.135865
0.3,4,4,288.0,162.0,0.3687,0.03,0.1168,1,1,1,6e-05,1.0198,0.3266,-0.092178,0.135223,0.326572,-0.027392,-0.020753,-0.016885,0.151233
0.3,4,5,352.0,162.0,0.3687,-0.03,0.1168,1,1,1,9e-05,0.9408,0.2324,0.000471,0.083216,0.232448,-0.106407,-0.003736,-0.079452,0.1286
0.3,4,6,416.0,162.0,0.3687,-0.09,0.1168,1,1,1,9e-05,0.8932,0.154,0.055494,0.043161,0.12955,-0.154043,7.3e-05,-0.116955,0.076406
0.3,4,7,480.0,162.0,0.3687,-0.15,0.1168,1,1,1,8e-05,0.8773,0.1699,0.071493,0.004639,0.01817,-0.169905,-0.002676,-0.127357,0.008362
0.3,4,8,544.0,162.0,0.3687,-0.21,0.1168,1,1,1,6e-05,0.8942,0.153,0.050979,-0.042751,-0.100819,-0.153007,-0.004383,-0.11,-0.058723
0.3,4,9,608.0,162.0,0.3687,-0.27,0.1168,1,1,1,3e-05,0.9444,0.2247,0.000302,-0.106651,-0.224735,-0.102762,0.002126,-0.065992,-0.108321
0.3,5,0,32.0,198.0,0.3576,0.27,0.085,0,0,0,,,,,,,,,,
0.3,5,1,96.0,198.0,0.3576,0.21,0.085,0,0,0,,,,,,,,,,
0.3,5,2,160.0,198.0,0.3576,0.15,0.085,1,1,1,6e-05,1.2759,0.4903,-0.322184,0.312323,0.490314,0.269877,-0.102199,0.176687,0.093801
0.3,5,3,224.0,198.0,0.3576,0.09,0.085,1,1,1,3e-05,1.1496,0.4235,-0.145356,0.207656,0.423533,0.102352,-0.047271,0.070715,0.151537
0.3,5,4,288.0,198.0,0.3576,0.03,0.085,1,1,1,0.0001,1.0337,0.3389,-0.014961,0.135246,0.338942,-0.013528,-0.012592,-0.012116,0.167183
0.3,5,5,352.0,198.0,0.3576,-0.03,0.085,1,1,1,4e-05,0.9523,0.2449,0.079069,0.085022,0.244939,-0.094886,0.002926,-0.072919,0.142886
0.3,5,6,416.0,198.0,0.3576,-0.09,0.085,1,1,1,3e-05,0.9032,0.144,0.134202,0.047585,0.143072,-0.143991,0.003811,-0.109481,0.087419
0.3,5,7,480.0,198.0,0.3576,-0.15,0.085,1,1,1,0.0001,0.8871,0.1601,0.148575,0.01173,0.033042,-0.160088,-0.002782,-0.119804,0.015305
0.3,5,8,544.0,198.0,0.3576,-0.21,0.085,1,1,1,8e-05,0.9047,0.1425,0.125526,-0.033587,-0.084676,-0.142517,-0.008511,-0.103595,-0.055549
0.3,5,9,608.0,198.0,0.3576,-0.27,0.085,1,1,1,5e-05,0.9565,0.2078,0.071657,-0.096322,-0.207768,-0.090652,-0.005445,-0.061679,-0.107703
0.3,6,0,32.0,234.0,0.3464,0.27,0.0531,0,0,0,,,,,,,,,,
0.3,6,1,96.0,234.0,0.3464,0.21,0.0531,0,0,0,,,,,,,,,,
0.3,6,2,160.0,234.0,0.3464,0.15,0.0531,1,1,1,6e-05,1.2708,0.501,-0.26046,0.31739,0.500969,0.301022,-0.09724,0.183719,0.098834
0.3,6,3,224.0,234.0,0.3464,0.09,0.0531,1,1,1,4e-05,1.1759,0.4323,-0.081892,0.210638,0.43234,0.128747,-0.040544,0.081488,0.159708
0.3,6,4,288.0,234.0,0.3464,0.03,0.0531,1,1,1,4e-05,1.0563,0.3469,0.050049,0.137899,0.346942,0.009149,-0.005193,0.001696,0.17676
0.3,6,5,352.0,234.0,0.3464,-0.03,0.0531,1,1,1,4e-05,0.9727,0.2532,0.144259,0.088785,0.253154,-0.074506,0.009505,-0.056434,0.151965
0.3,6,6,416.0,234.0,0.3464,-0.09,0.0531,1,1,1,4e-05,0.9219,0.1991,0.199056,0.052853,0.152581,-0.125304,0.008188,-0.091708,0.094817
0.3,6,7,480.0,234.0,0.3464,-0.15,0.0531,1,1,1,4e-05,0.9051,0.2124,0.212384,0.018445,0.044437,-0.142108,-0.001592,-0.102289,0.020476
0.3,6,8,544.0,234.0,0.3464,-0.21,0.0531,1,1,1,9e-05,0.9238,0.1867,0.186658,-0.025974,-0.0716,-0.123419,-0.010722,-0.087275,-0.052395
0.3,6,9,608.0,234.0,0.3464,-0.27,0.0531,1,1,1,7e-05,0.9777,0.1933,0.130039,-0.088536,-0.193266,-0.069549,-0.010512,-0.047946,-0.105368
0.3,7,0,32.0,270.0,0.3353,0.27,0.0213,0,0,0,,,,,,,,,,
0.3,7,1,96.0,270.0,0.3353,0.21,0.0213,0,0,0,,,,,,,,,,
0.3,7,2,160.0,270.0,0.3353,0.15,0.0213,1,1,1,8e-05,1.2608,0.5056,-0.214226,0.327414,0.505591,0.346491,-0.094957,0.198239,0.09478
0.3,7,3,224.0,270.0,0.3353,0.09,0.0213,1,1,1,7e-05,1.2133,0.4363,-0.03195,0.217682,0.436313,0.166146,-0.036132,0.099879,0.159304
0.3,7,4,288.0,270.0,0.3353,0.03,0.0213,1,1,1,6e-05,1.0892,0.3505,0.101087,0.143804,0.350484,0.042027,0.000545,0.023731,0.178899
0.3,7,5,352.0,270.0,0.3353,-0.03,0.0213,1,1,1,5e-05,1.0026,0.2572,0.195251,0.094601,0.25715,-0.044633,0.015272,-0.031469,0.15527
0.3,7,6,416.0,270.0,0.3353,-0.09,0.0213,1,1,1,5e-05,0.9499,0.2492,0.249249,0.058908,0.157978,-0.097285,0.012641,-0.06513,0.098265
0.3,7,7,480.0,270.0,0.3353,-0.15,0.0213,1,1,1,4e-05,0.9326,0.2611,0.261124,0.02458,0.051854,-0.11456,0.00057,-0.075709,0.023657
0.3,7,8,544.0,270.0,0.3353,-0.21,0.0213,1,1,1,3e-05,0.9521,0.2338,0.233781,-0.020129,-0.061925,-0.095051,-0.011134,-0.062497,-0.049097
0.3,7,9,608.0,270.0,0.3353,-0.27,0.0213,1,1,1,8e-05,1.0086,0.1817,0.174641,-0.083622,-0.181685,-0.038554,-0.012971,-0.025977,-0.100938
0.3,8,0,32.0,306.0,0.3241,0.27,-0.0106,0,0,0,,,,,,,,,,
0.3,8,1,96.0,306.0,0.3241,0.21,-0.0106,0,0,0,,,,,,,,,,
0.3,8,2,160.0,306.0,0.3241,0.15,-0.0106,1,1,1,7e-05,1.245,0.5038,-0.186424,0.343245,0.503791,0.409489,-0.096168,0.219327,0.080745
0.3,8,3,224.0,306.0,0.3241,0.09,-0.0106,1,1,1,7e-05,1.2634,0.4355,0.003061,0.229277,0.435547,0.216153,-0.03498,0.124643,0.149382
0.3,8,4,288.0,306.0,0.3241,0.03,-0.0106,1,1,1,7e-05,1.1333,0.3498,0.137354,0.153068,0.349784,0.086104,0.003703,0.052303,0.172891
0.3,8,5,352.0,306.0,0.3241,-0.03,-0.0106,1,1,1,6e-05,1.0431,0.257,0.231028,0.10244,0.257005,-0.004059,0.019386,0.000329,0.152245
0.3,8,6,416.0,306.0,0.3241,-0.09,-0.0106,1,1,1,5e-05,0.9885,0.2838,0.283843,0.065546,0.159217,-0.058682,0.016508,-0.031447,0.097471
0.3,8,7,480.0,306.0,0.3241,-0.15,-0.0106,1,1,1,5e-05,0.9708,0.2943,0.294284,0.029842,0.055197,-0.076368,0.00327,-0.041932,0.024866
0.3,8,8,544.0,306.0,0.3241,-0.21,-0.0106,1,1,1,4e-05,0.9916,0.2655,0.265473,-0.016524,-0.056094,-0.055636,-0.009885,-0.030478,-0.045468
0.3,8,9,608.0,306.0,0.3241,-0.27,-0.0106,1,1,1,9e-05,1.0508,0.2048,0.204773,-0.081951,-0.17337,0.00363,-0.012754,0.002764,-0.093974
0.3,9,0,32.0,342.0,0.313,0.27,-0.0425,0,0,0,,,,,,,,,,
0.3,9,1,96.0,342.0,0.313,0.21,-0.0425,0,0,0,,,,,,,,,,
0.3,9,2,160.0,342.0,0.313,0.15,-0.0425,1,1,1,6e-05,1.223,0.4955,-0.18198,0.36523,0.494934,0.495538,-0.101415,0.245641,0.05679
0.3,9,3,224.0,342.0,0.313,0.09,-0.0425,1,1,1,5e-05,1.3286,0.43,0.021008,0.245739,0.42996,0.281358,-0.038007,0.154446,0.129156
0.3,9,4,288.0,342.0,0.313,0.03,-0.0425,1,1,1,8e-05,1.1904,0.345,0.157522,0.165754,0.344987,0.143239,0.00331,0.08574,0.158017
0.3,9,5,352.0,342.0,0.313,-0.03,-0.0425,1,1,1,7e-05,1.0961,0.2529,0.250595,0.11214,0.252904,0.048902,0.020956,0.037071,0.142408
0.3,9,6,416.0,342.0,0.313,-0.09,-0.0425,1,1,1,6e-05,1.0394,0.302,0.302039,0.072441,0.156425,-0.007802,0.01907,0.007351,0.092236
0.3,9,7,480.0,342.0,0.313,-0.15,-0.0425,1,1,1,5e-05,1.0214,0.3112,0.311202,0.033831,0.054488,-0.025807,0.006034,-0.002939,0.024186
0.3,9,8,544.0,342.0,0.313,-0.21,-0.0425,1,1,1,4e-05,1.0435,0.2814,0.281447,-0.015511,-0.054121,-0.003652,-0.007189,0.006729,-0.04116
0.3,9,9,608.0,342.0,0.313,-0.27,-0.0425,1,1,1,9e-05,1.106,0.2198,0.21979,-0.083921,-0.168502,0.058794,-0.009831,0.036601,-0.083984
0.4,0,0,32.0,18.0,0.5244,0.36,0.259,0,0,0,,,,,,,,,,
0.4,0,1,96.0,18.0,0.5244,0.28,0.259,0,0,0,,,,,,,,,,
0.4,0,2,160.0,18.0,0.5244,0.2,0.259,0,1,0,0.0556,,1.6564,,,,,,,
0.4,0,3,224.0,18.0,0.5244,0.12,0.259,0,1,0,0.0147,,1.6203,,,,,,,
0.4,0,4,288.0,18.0,0.5244,0.04,0.259,1,1,1,9e-05,1.2107,1.284,-1.283983,0.091462,0.050832,0.780613,-0.054126,0.403706,-0.035781
0.4,0,5,352.0,18.0,0.5244,-0.04,0.259,1,1,1,7e-05,1.2408,1.059,-1.059028,0.009073,-0.032421,0.501854,-0.017055,0.373612,-0.058735
0.4,0,6,416.0,18.0,0.5244,-0.12,0.259,1,1,1,6e-05,1.2689,0.968,-0.967993,-0.085099,-0.140591,0.414614,0.02219,0.345488,-0.065386
0.4,0,7,480.0,18.0,0.5244,-0.2,0.259,1,1,1,9e-05,1.2581,0.9633,-0.9633,-0.196609,-0.264525,0.439734,0.061856,0.356318,-0.067777
0.4,0,8,544.0,18.0,0.5244,-0.28,0.259,1,1,1,7e-05,1.2163,1.0508,-1.050782,-0.343112,-0.399519,0.603982,0.102751,0.398095,-0.060217
0.4,0,9,608.0,18.0,0.5244,-0.36,0.259,1,1,0,0.00096,0.8435,1.3307,-1.330651,-0.585957,-0.561732,1.250915,0.118883,0.189693,-0.025143
0.4,1,0,32.0,54.0,0.5096,0.36,0.2165,0,0,0,,,,,,,,,,
0.4,1,1,96.0,54.0,0.5096,0.28,0.2165,0,0,0,,,,,,,,,,
0.4,1,2,160.0,54.0,0.5096,0.2,0.2165,0,1,0,0.04479,,1.5803,,,,,,,
0.4,1,3,224.0,54.0,0.5096,0.12,0.2165,1,1,0,0.00322,0.7261,1.5249,-1.524863,0.217608,0.124343,1.368327,-0.099421,0.11968,0.003848
0.4,1,4,288.0,54.0,0.5096,0.04,0.2165,1,1,1,8e-05,1.2358,1.0667,-1.066653,0.125183,0.095499,0.60668,-0.063324,0.378653,-0.043443
0.4,1,5,352.0,54.0,0.5096,-0.04,0.2165,1,1,1,7e-05,1.2995,0.8754,-0.875431,0.036989,0.007057,0.397328,-0.024199,0.314944,-0.050221
0.4,1,6,416.0,54.0,0.5096,-0.12,0.2165,1,1,1,6e-05,1.3322,0.7943,-0.794335,-0.056539,-0.10413,0.324849,0.012063,0.282192,-0.056841
0.4,1,7,480.0,54.0,0.5096,-0.2,0.2165,1,1,1,7e-05,1.3207,0.7897,-0.789653,-0.162742,-0.229984,0.344516,0.047568,0.29374,-0.064126
0.4,1,8,544.0,54.0,0.5096,-0.28,0.2165,1,1,1,7e-05,1.2672,0.8626,-0.862553,-0.296844,-0.365431,0.471381,0.08689,0.347231,-0.060892
0.4,1,9,608.0,54.0,0.5096,-0.36,0.2165,1,1,1,9e-05,1.2336,1.0744,-1.074359,-0.499248,-0.509682,0.852313,0.121677,0.380788,-0.043888
0.4,2,0,32.0,90.0,0.4947,0.36,0.174,0,0,0,,,,,,,,,,
0.4,2,1,96.0,90.0,0.4947,0.28,0.174,0,0,0,,,,,,,,,,
0.4,2,2,160.0,90.0,0.4947,0.2,0.174,1,1,0,0.0372,0.6727,1.499,-1.498969,0.373133,0.063965,1.421697,-0.145382,0.073358,-0.006391
0.4,2,3,224.0,90.0,0.4947,0.12,0.174,1,1,1,0.0001,1.0236,1.3092,-1.309151,0.242794,0.183109,1.070836,-0.101292,0.311842,-0.000463
0.4,2,4,288.0,90.0,0.4947,0.04,0.174,1,1,1,6e-05,1.2745,0.8968,-0.896798,0.147766,0.132543,0.519616,-0.067066,0.339904,-0.036966
0.4,2,5,352.0,90.0,0.4947,-0.04,0.174,1,1,1,6e-05,1.3478,0.7226,-0.72264,0.055987,0.040584,0.339649,-0.027866,0.266603,-0.036029
0.4,2,6,416.0,90.0,0.4947,-0.12,0.174,1,1,1,6e-05,1.3214,0.6475,-0.647517,-0.03626,-0.072908,0.274155,0.004622,0.23225,-0.045262
0.4,2,7,480.0,90.0,0.4947,-0.2,0.174,1,1,1,7e-05,1.3385,0.6441,-0.644086,-0.138349,-0.200229,0.291325,0.035344,0.243604,-0.058146
0.4,2,8,544.0,90.0,0.4947,-0.28,0.174,1,1,1,6e-05,1.3147,0.7112,-0.711248,-0.264827,-0.336365,0.401524,0.071268,0.299761,-0.05924
0.4,2,9,608.0,90.0,0.4947,-0.36,0.174,1,1,1,9e-05,1.2372,0.8901,-0.890145,-0.446415,-0.47806,0.695672,0.110203,0.377187,-0.043137
0.4,3,0,32.0,126.0,0.4798,0.36,0.1316,0,0,0,,,,,,,,,,
0.4,3,1,96.0,126.0,0.4798,0.28,0.1316,0,0,0,,,,,,,,,,
0.4,3,2,160.0,126.0,0.4798,0.2,0.1316,1,1,0,0.03294,0.6709,1.4235,-1.412505,0.399155,0.117439,1.423529,-0.148546,0.072661,-0.004876
0.4,3,3,224.0,126.0,0.4798,0.12,0.1316,1,1,1,9e-05,1.1567,1.136,-1.136043,0.266458,0.219613,0.937689,-0.106279,0.349634,-0.010103
0.4,3,4,288.0,126.0,0.4798,0.04,0.1316,1,1,1,9e-05,1.3052,0.7603,-0.760294,0.163762,0.162824,0.480374,-0.067511,0.30925,-0.025709
0.4,3,5,352.0,126.0,0.4798,-0.04,0.1316,1,1,1,7e-05,1.3607,0.5949,-0.594897,0.069725,0.068285,0.313507,-0.029198,0.233,-0.021088
0.4,3,6,416.0,126.0,0.4798,-0.12,0.1316,1,1,1,8e-05,1.2984,0.5236,-0.523563,-0.021119,-0.04672,0.251153,-0.000489,0.198204,-0.033501
0.4,3,7,480.0,126.0,0.4798,-0.2,0.1316,1,1,1,9e-05,1.3144,0.5219,-0.521947,-0.120089,-0.174809,0.267218,0.025558,0.209035,-0.05143
0.4,3,8,544.0,126.0,0.4798,-0.28,0.1316,1,1,1,7e-05,1.3492,0.5879,-0.587905,-0.241841,-0.311231,0.370184,0.057661,0.265233,-0.056159
0.4,3,9,608.0,126.0,0.4798,-0.36,0.1316,1,1,1,9e-05,1.2602,0.7536,-0.753562,-0.412733,-0.452242,0.62994,0.096616,0.354239,-0.039974
0.4,4,0,32.0,162.0,0.465,0.36,0.0891,0,0,0,,,,,,,,,,
0.4,4,1,96.0,162.0,0.465,0.28,0.0891,0,0,0,,,,,,,,,,
0.4,4,2,160.0,162.0,0.465,0.2,0.0891,1,1,0,0.0321,0.6698,1.4246,-1.321318,0.423637,0.149208,1.424642,-0.150032,0.071812,-0.004447
0.4,4,3,224.0,162.0,0.465,0.12,0.0891,1,1,1,9e-05,1.1795,1.0228,-1.022842,0.286334,0.245241,0.914911,-0.107992,0.346599,-0.010684
0.4,4,4,288.0,162.0,0.465,0.04,0.0891,1,1,1,7e-05,1.3227,0.6537,-0.653689,0.17625,0.186071,0.477088,-0.066442,0.291708,-0.015139
0.4,4,5,352.0,162.0,0.465,-0.04,0.0891,1,1,1,6e-05,1.3607,0.4913,-0.491275,0.080451,0.089945,0.313476,-0.029155,0.215254,-0.008448
0.4,4,6,416.0,162.0,0.465,-0.12,0.0891,1,1,1,6e-05,1.299,0.4221,-0.422136,-0.009432,-0.025681,0.251755,-0.003694,0.180614,-0.023229
0.4,4,7,480.0,162.0,0.465,-0.2,0.0891,1,1,1,7e-05,1.3148,0.4226,-0.42261,-0.106454,-0.153722,0.267624,0.018267,0.190767,-0.044663
0.4,4,8,544.0,162.0,0.465,-0.28,0.0891,1,1,1,5e-05,1.3686,0.4899,-0.489878,-0.225689,-0.289775,0.368739,0.046808,0.245786,-0.051596
0.4,4,9,608.0,162.0,0.465,-0.36,0.0891,1,1,1,8e-05,1.2773,0.6534,-0.653436,-0.391806,-0.430234,0.618511,0.084261,0.337158,-0.035133
0.4,5,0,32.0,198.0,0.4501,0.36,0.0466,0,0,0,,,,,,,,,,
0.4,5,1,96.0,198.0,0.4501,0.28,0.0466,0,0,0,,,,,,,,,,
0.4,5,2,160.0,198.0,0.4501,0.2,0.0466,1,1,0,0.0347,0.6693,1.4251,-1.226309,0.445831,0.159149,1.425057,-0.149813,0.070544,-0.005182
0.4,5,3,224.0,198.0,0.4501,0.12,0.0466,1,1,1,0.0001,1.1147,0.9797,-0.96762,0.305098,0.260733,0.979727,-0.10744,0.327275,-0.005506
0.4,5,4,288.0,198.0,0.4501,0.04,0.0466,1,1,1,9e-05,1.3265,0.5768,-0.576808,0.187429,0.202105,0.506141,-0.065276,0.287901,-0.008591
0.4,5,5,352.0,198.0,0.4501,-0.04,0.0466,1,1,1,6e-05,1.3851,0.4123,-0.412328,0.089636,0.105456,0.337891,-0.028658,0.212844,-0.000104
0.4,5,6,416.0,198.0,0.4501,-0.12,0.0466,1,1,1,7e-05,1.3219,0.3439,-0.34388,-0.000222,-0.009889,0.274709,-0.005518,0.1787,-0.015467
0.4,5,7,480.0,198.0,0.4501,-0.2,0.0466,1,1,1,8e-05,1.3383,0.3465,-0.346472,-0.096687,-0.13706,0.29106,0.013334,0.188067,-0.038099
0.4,5,8,544.0,198.0,0.4501,-0.28,0.0466,1,1,1,6e-05,1.3731,0.4171,-0.417086,-0.21549,-0.272064,0.394699,0.039013,0.241313,-0.045239
0.4,5,9,608.0,198.0,0.4501,-0.36,0.0466,1,1,1,8e-05,1.2837,0.6531,-0.587964,-0.381569,-0.411823,0.653093,0.074256,0.330759,-0.028415
0.4,6,0,32.0,234.0,0.4352,0.36,0.0041,0,0,0,,,,,,,,,,
0.4,6,1,96.0,234.0,0.4352,0.28,0.0041,0,0,0,,,,,,,,,,
0.4,6,2,160.0,234.0,0.4352,0.2,0.0041,1,1,0,0.04072,0.6696,1.4248,-1.128774,0.465276,0.146309,1.424756,-0.147766,0.068595,-0.007101
0.4,6,3,224.0,234.0,0.4352,0.12,0.0041,1,1,0,0.00027,0.8984,1.196,-0.997384,0.328039,0.26127,1.195966,-0.106255,0.238497,0.006339
0.4,6,4,288.0,234.0,0.4352,0.04,0.0041,1,1,1,7e-05,1.3175,0.5719,-0.534313,0.198714,0.210577,0.571944,-0.065117,0.29696,-0.007633
0.4,6,5,352.0,234.0,0.4352,-0.04,0.0041,1,1,1,9e-05,1.3898,0.3887,-0.360567,0.098076,0.114719,0.388711,-0.02865,0.224588,0.00269
0.4,6,6,416.0,234.0,0.4352,-0.12,0.0041,1,1,1,9e-05,1.369,0.3218,-0.290966,0.006847,0.000511,0.321756,-0.006586,0.191173,-0.010827
0.4,6,7,480.0,234.0,0.4352,-0.2,0.0041,1,1,1,5e-05,1.3869,0.3397,-0.295885,-0.090804,-0.125083,0.339651,0.010492,0.199873,-0.03176
0.4,6,8,544.0,234.0,0.4352,-0.28,0.0041,1,1,1,9e-05,1.3636,0.4503,-0.371779,-0.211295,-0.258383,0.450302,0.034294,0.250868,-0.036803
0.4,6,9,608.0,234.0,0.4352,-0.36,0.0041,1,1,1,9e-05,1.2811,0.7419,-0.562761,-0.382594,-0.397681,0.741865,0.066491,0.333286,-0.020509
0.4,7,0,32.0,270.0,0.4204,0.36,-0.0383,0,0,0,,,,,,,,,,
0.4,7,1,96.0,270.0,0.4204,0.28,-0.0383,0,0,0,,,,,,,,,,
0.4,7,2,160.0,270.0,0.4204,0.2,-0.0383,0,1,0,0.05009,,1.4237,,,,,,,
0.4,7,3,224.0,270.0,0.4204,0.12,-0.0383,1,1,0,0.00781,0.6742,1.4202,-1.000628,0.353605,0.234799,1.42024,-0.111953,0.078573,0.001459
0.4,7,4,288.0,270.0,0.4204,0.04,-0.0383,1,1,1,0.0001,1.2994,0.6885,-0.536123,0.210862,0.211177,0.688521,-0.066498,0.31501,-0.011179
0.4,7,5,352.0,270.0,0.4204,-0.04,-0.0383,1,1,1,6e-05,1.3654,0.4729,-0.34154,0.105991,0.11757,0.472882,-0.030017,0.249023,-0.000508
0.4,7,6,416.0,270.0,0.4204,-0.12,-0.0383,1,1,1,8e-05,1.398,0.3982,-0.267485,0.011618,0.005371,0.398199,-0.007583,0.216461,-0.009551
0.4,7,7,480.0,270.0,0.4204,-0.2,-0.0383,1,1,1,0.0001,1.3902,0.418,-0.273996,-0.089096,-0.117953,0.418033,0.009335,0.224232,-0.025549
0.4,7,8,544.0,270.0,0.4204,-0.28,-0.0383,1,1,1,8e-05,1.3413,0.5445,-0.359949,-0.214092,-0.249249,0.544466,0.03232,0.273103,-0.026427
0.4,7,9,608.0,270.0,0.4204,-0.36,-0.0383,1,1,1,9e-05,1.1638,0.9306,-0.599843,-0.400117,-0.390769,0.930553,0.058621,0.325313,-0.014836
0.4,8,0,32.0,306.0,0.4055,0.36,-0.0808,0,0,0,,,,,,,,,,
0.4,8,1,96.0,306.0,0.4055,0.28,-0.0808,0,0,0,,,,,,,,,,
0.4,8,2,160.0,306.0,0.4055,0.2,-0.0808,0,1,0,0.0627,,1.4218,,,,,,,
0.4,8,3,224.0,306.0,0.4055,0.12,-0.0808,1,1,0,0.02109,0.6689,1.4255,-0.908862,0.368006,0.182914,1.425468,-0.116549,0.06996,-0.002144
0.4,8,4,288.0,306.0,0.4055,0.04,-0.0808,1,1,1,0.0001,1.1824,0.912,-0.615372,0.224683,0.201783,0.912002,-0.068506,0.321904,-0.010837
0.4,8,5,352.0,306.0,0.4055,-0.04,-0.0808,1,1,1,7e-05,1.3313,0.6055,-0.365171,0.113049,0.113906,0.605453,-0.033253,0.283164,-0.008348
0.4,8,6,416.0,306.0,0.4055,-0.12,-0.0808,1,1,1,8e-05,1.362,0.515,-0.280499,0.013517,0.004594,0.514974,-0.009146,0.252415,-0.011264
0.4,8,7,480.0,306.0,0.4055,-0.2,-0.0808,1,1,1,6e-05,1.3548,0.5396,-0.289495,-0.092762,-0.116135,0.539567,0.009291,0.259676,-0.019448
0.4,8,8,544.0,306.0,0.4055,-0.28,-0.0808,1,1,1,9e-05,1.3104,0.7007,-0.395329,-0.226131,-0.245719,0.700655,0.031936,0.30403,-0.015692
0.4,8,9,608.0,306.0,0.4055,-0.36,-0.0808,1,1,0,0.00411,0.7228,1.3716,-0.714266,-0.437231,-0.418883,1.371621,0.039205,0.098276,-0.008321
0.4,9,0,32.0,342.0,0.3906,0.36,-0.1233,0,0,0,,,,,,,,,,
0.4,9,1,96.0,342.0,0.3906,0.28,-0.1233,0,0,0,,,,,,,,,,
0.4,9,2,160.0,342.0,0.3906,0.2,-0.1233,0,1,0,0.07841,,1.4192,,,,,,,
0.4,9,3,224.0,342.0,0.3906,0.12,-0.1233,1,1,0,0.03763,0.6714,1.423,-0.817112,0.380254,0.102774,1.423016,-0.12025,0.065361,-0.006028
0.4,9,4,288.0,342.0,0.3906,0.04,-0.1233,1,1,0,0.00611,0.684,1.4104,-0.78914,0.247141,0.153661,1.410441,-0.077848,0.083898,-0.000286
0.4,9,5,352.0,342.0,0.3906,-0.04,-0.1233,1,1,1,0.0001,1.2546,0.8398,-0.463526,0.118088,0.101941,0.839774,-0.03772,0.314941,-0.013892
0.4,9,6,416.0,342.0,0.3906,-0.12,-0.1233,1,1,1,7e-05,1.3194,0.7027,-0.348833,0.010988,-0.002628,0.702662,-0.011665,0.295048,-0.014048
0.4,9,7,480.0,342.0,0.3906,-0.2,-0.1233,1,1,1,0.0001,1.3136,0.7388,-0.362506,-0.104135,-0.120788,0.738789,0.009269,0.300873,-0.013812
0.4,9,8,544.0,342.0,0.3906,-0.28,-0.1233,1,1,1,0.0001,1.0545,1.0399,-0.53552,-0.257772,-0.25493,1.039901,0.027917,0.295393,-0.010723
0.4,9,9,608.0,342.0,0.3906,-0.36,-0.1233,1,1,0,0.02075,0.692,1.4024,-0.655497,-0.408015,-0.490675,1.402406,0.025864,0.066046,-0.002802
0.5,0,0,32.0,18.0,0.6355,0.45,0.2737,0,0,0,,,,,,,,,,
0.5,0,1,96.0,18.0,0.6355,0.35,0.2737,0,0,0,,,,,,,,,,
0.5,0,2,160.0,18.0,0.6355,0.25,0.2737,0,0,0,,,,,,,,,,
0.5,0,3,224.0,18.0,0.6355,0.15,0.2737,0,1,0,0.12848,,1.645,,,,,,,
0.5,0,4,288.0,18.0,0.6355,0.05,0.2737,0,1,0,0.09222,,1.6006,,,,,,,
0.5,0,5,352.0,18.0,0.6355,-0.05,0.2737,0,1,0,0.07044,,1.5589,,,,,,,
0.5,0,6,416.0,18.0,0.6355,-0.15,0.2737,0,1,0,0.06443,,1.5192,,,,,,,
0.5,0,7,480.0,18.0,0.6355,-0.25,0.2737,0,1,0,0.07458,,1.4831,,,,,,,
0.5,0,8,544.0,18.0,0.6355,-0.35,0.2737,0,1,0,0.10027,,1.4508,,,,,,,
0.5,0,9,608.0,18.0,0.6355,-0.45,0.2737,0,1,0,0.14004,,1.4154,,,,,,,
0.5,1,0,32.0,54.0,0.617,0.45,0.2206,0,0,0,,,,,,,,,,
0.5,1,1,96.0,54.0,0.617,0.35,0.2206,0,0,0,,,,,,,,,,
0.5,1,2,160.0,54.0,0.617,0.25,0.2206,0,0,0,,,,,,,,,,
0.5,1,3,224.0,54.0,0.617,0.15,0.2206,0,1,0,0.11267,,1.5599,,,,,,,
0.5,1,4,288.0,54.0,0.617,0.05,0.2206,0,1,0,0.0755,,1.5154,,,,,,,
0.5,1,5,352.0,54.0,0.617,-0.05,0.2206,0,1,0,0.0531,,1.4728,,,,,,,
0.5,1,6,416.0,54.0,0.617,-0.15,0.2206,1,1,0,0.04688,0.693,1.4313,-1.431304,-0.217028,-0.512649,1.401356,-0.001996,0.071208,-0.004652
0.5,1,7,480.0,54.0,0.617,-0.25,0.2206,0,1,0,0.05724,,1.3954,,,,,,,
0.5,1,8,544.0,54.0,0.617,-0.35,0.2206,0,1,0,0.08353,,1.3888,,,,,,,
0.5,1,9,608.0,54.0,0.617,-0.45,0.2206,0,1,0,0.12417,,1.3842,,,,,,,
0.5,2,0,32.0,90.0,0.5984,0.45,0.1676,0,0,0,,,,,,,,,,
0.5,2,1,96.0,90.0,0.5984,0.35,0.1676,0,0,0,,,,,,,,,,
0.5,2,2,160.0,90.0,0.5984,0.25,0.1676,0,0,0,,,,,,,,,,
0.5,2,3,224.0,90.0,0.5984,0.15,0.1676,0,1,0,0.10131,,1.4708,,,,,,,
0.5,2,4,288.0,90.0,0.5984,0.05,0.1676,0,1,0,0.06341,,1.4269,,,,,,,
0.5,2,5,352.0,90.0,0.5984,-0.05,0.1676,1,1,0,0.04051,0.6862,1.4082,-1.383937,-0.045009,-0.312104,1.408161,-0.041398,0.071112,-0.00612
0.5,2,6,416.0,90.0,0.5984,-0.15,0.1676,1,1,0,0.0341,0.6897,1.4047,-1.341368,-0.200485,-0.41461,1.40474,-0.003744,0.070427,-0.005107
0.5,2,7,480.0,90.0,0.5984,-0.25,0.1676,1,1,0,0.04463,0.696,1.3984,-1.301447,-0.347237,-0.605856,1.398405,0.020836,0.069215,-0.002066
0.5,2,8,544.0,90.0,0.5984,-0.35,0.1676,0,1,0,0.07137,,1.3908,,,,,,,
0.5,2,9,608.0,90.0,0.5984,-0.45,0.1676,0,1,0,0.11268,,1.3851,,,,,,,
0.5,3,0,32.0,126.0,0.5798,0.45,0.1145,0,0,0,,,,,,,,,,
0.5,3,1,96.0,126.0,0.5798,0.35,0.1145,0,0,0,,,,,,,,,,
0.5,3,2,160.0,126.0,0.5798,0.25,0.1145,0,0,0,,,,,,,,,,
0.5,3,3,224.0,126.0,0.5798,0.15,0.1145,0,1,0,0.09462,,1.4076,,,,,,,
0.5,3,4,288.0,126.0,0.5798,0.05,0.1145,0,1,0,0.05621,,1.4108,,,,,,,
0.5,3,5,352.0,126.0,0.5798,-0.05,0.1145,1,1,0,0.03296,0.6838,1.4106,-1.292435,-0.023104,-0.24298,1.410586,-0.044385,0.070508,-0.005559
0.5,3,6,416.0,126.0,0.5798,-0.15,0.1145,1,1,0,0.02641,0.6873,1.4071,-1.249761,-0.18081,-0.345455,1.407129,-0.007903,0.070079,-0.005128
0.5,3,7,480.0,126.0,0.5798,-0.25,0.1145,1,1,0,0.03702,0.6938,1.4006,-1.20927,-0.329326,-0.539443,1.4006,0.015419,0.06854,-0.002765
0.5,3,8,544.0,126.0,0.5798,-0.35,0.1145,0,1,0,0.06404,,1.3924,,,,,,,
0.5,3,9,608.0,126.0,0.5798,-0.45,0.1145,0,1,0,0.10579,,1.386,,,,,,,
0.5,4,0,32.0,162.0,0.5612,0.45,0.0614,0,0,0,,,,,,,,,,
0.5,4,1,96.0,162.0,0.5612,0.35,0.0614,0,0,0,,,,,,,,,,
0.5,4,2,160.0,162.0,0.5612,0.25,0.0614,0,0,0,,,,,,,,,,
0.5,4,3,224.0,162.0,0.5612,0.15,0.0614,0,1,0,0.09276,,1.409,,,,,,,
0.5,4,4,288.0,162.0,0.5612,0.05,0.0614,0,1,0,0.05409,,1.4122,,,,,,,
0.5,4,5,352.0,162.0,0.5612,-0.05,0.0614,1,1,0,0.03064,0.6825,1.4119,-1.198864,0.000389,-0.205288,1.411901,-0.04915,0.0698,-0.005146
0.5,4,6,416.0,162.0,0.5612,-0.15,0.0614,1,1,0,0.02399,0.686,1.4084,-1.15712,-0.15834,-0.307373,1.408421,-0.014317,0.069659,-0.004834
0.5,4,7,480.0,162.0,0.5612,-0.25,0.0614,1,1,0,0.03461,0.6926,1.4018,-1.117294,-0.307721,-0.501766,1.401818,0.007282,0.067823,-0.002656
0.5,4,8,544.0,162.0,0.5612,-0.35,0.0614,0,1,0,0.06174,,1.3934,,,,,,,
0.5,4,9,608.0,162.0,0.5612,-0.45,0.0614,0,1,0,0.10366,,1.3866,,,,,,,
0.5,5,0,32.0,198.0,0.5426,0.45,0.0083,0,0,0,,,,,,,,,,
0.5,5,1,96.0,198.0,0.5426,0.35,0.0083,0,0,0,,,,,,,,,,
0.5,5,2,160.0,198.0,0.5426,0.25,0.0083,0,0,0,,,,,,,,,,
0.5,5,3,224.0,198.0,0.5426,0.15,0.0083,0,1,0,0.09579,,1.4093,,,,,,,
0.5,5,4,288.0,198.0,0.5426,0.05,0.0083,0,1,0,0.05712,,1.4124,,,,,,,
0.5,5,5,352.0,198.0,0.5426,-0.05,0.0083,1,1,0,0.03365,0.6823,1.4121,-1.104261,0.024792,-0.199788,1.412092,-0.055708,0.068475,-0.004971
0.5,5,6,416.0,198.0,0.5426,-0.15,0.0083,1,1,0,0.02696,0.6858,1.4086,-1.064457,-0.133639,-0.301221,1.40859,-0.022868,0.068626,-0.004299
0.5,5,7,480.0,198.0,0.5426,-0.25,0.0083,1,1,0,0.0375,0.6924,1.402,-1.026532,-0.282786,-0.494383,1.401983,-0.003343,0.066535,-0.001783
0.5,5,8,544.0,198.0,0.5426,-0.35,0.0083,0,1,0,0.06454,,1.3936,,,,,,,
0.5,5,9,608.0,198.0,0.5426,-0.45,0.0083,0,1,0,0.10636,,1.3868,,,,,,,
0.5,6,0,32.0,234.0,0.5241,0.45,-0.0448,0,0,0,,,,,,,,,,
0.5,6,1,96.0,234.0,0.5241,0.35,-0.0448,0,0,0,,,,,,,,,,
0.5,6,2,160.0,234.0,0.5241,0.25,-0.0448,0,0,0,,,,,,,,,,
0.5,6,3,224.0,234.0,0.5241,0.15,-0.0448,0,1,0,0.10368,,1.4086,,,,,,,
0.5,6,4,288.0,234.0,0.5241,0.05,-0.0448,0,1,0,0.06527,,1.4115,,,,,,,
0.5,6,5,352.0,234.0,0.5241,-0.05,-0.0448,1,1,0,0.04196,0.6833,1.4111,-1.01005,0.049552,-0.227048,1.411139,-0.06421,0.066038,-0.005036
0.5,6,6,416.0,234.0,0.5241,-0.15,-0.0448,1,1,0,0.03527,0.6868,1.4076,-0.973101,-0.107284,-0.327421,1.407621,-0.03365,0.066467,-0.003527
0.5,6,7,480.0,234.0,0.5241,-0.25,-0.0448,1,1,0,0.04567,0.6933,1.4011,-0.938182,-0.255149,-0.517117,1.401102,-0.016687,0.06418,-0.000142
0.5,6,8,544.0,234.0,0.5241,-0.35,-0.0448,0,1,0,0.07242,,1.3931,,,,,,,
0.5,6,9,608.0,234.0,0.5241,-0.45,-0.0448,0,1,0,0.11387,,1.3868,,,,,,,
0.5,7,0,32.0,270.0,0.5055,0.45,-0.0979,0,0,0,,,,,,,,,,
0.5,7,1,96.0,270.0,0.5055,0.35,-0.0979,0,0,0,,,,,,,,,,
0.5,7,2,160.0,270.0,0.5055,0.25,-0.0979,0,0,0,,,,,,,,,,
0.5,7,3,224.0,270.0,0.5055,0.15,-0.0979,0,1,0,0.11632,,1.4069,,,,,,,
0.5,7,4,288.0,270.0,0.5055,0.05,-0.0979,0,1,0,0.07843,,1.4095,,,,,,,
0.5,7,5,352.0,270.0,0.5055,-0.05,-0.0979,0,1,0,0.05543,,1.409,,,,,,,
0.5,7,6,416.0,270.0,0.5055,-0.15,-0.0979,1,1,0,0.04879,0.6889,1.4055,-0.884575,-0.079864,-0.385093,1.405544,-0.047409,0.062752,-0.002422
0.5,7,7,480.0,270.0,0.5055,-0.25,-0.0979,0,1,0,0.05897,,1.3993,,,,,,,
0.5,7,8,544.0,270.0,0.5055,-0.35,-0.0979,0,1,0,0.08528,,1.392,,,,,,,
0.5,7,9,608.0,270.0,0.5055,-0.45,-0.0979,0,1,0,0.12611,,1.3866,,,,,,,
0.5,8,0,32.0,306.0,0.4869,0.45,-0.151,0,0,0,,,,,,,,,,
0.5,8,1,96.0,306.0,0.4869,0.35,-0.151,0,0,0,,,,,,,,,,
0.5,8,2,160.0,306.0,0.4869,0.25,-0.151,0,0,0,,,,,,,,,,
0.5,8,3,224.0,306.0,0.4869,0.15,-0.151,0,1,0,0.13353,,1.4046,,,,,,,
0.5,8,4,288.0,306.0,0.4869,0.05,-0.151,0,1,0,0.09635,,1.4065,,,,,,,
0.5,8,5,352.0,306.0,0.4869,-0.05,-0.151,0,1,0,0.07381,,1.4059,,,,,,,
0.5,8,6,416.0,306.0,0.4869,-0.15,-0.151,0,1,0,0.06728,,1.4025,,,,,,,
0.5,8,7,480.0,306.0,0.4869,-0.25,-0.151,0,1,0,0.07719,,1.3968,,,,,,,
0.5,8,8,544.0,306.0,0.4869,-0.35,-0.151,0,1,0,0.1029,,1.3906,,,,,,,
0.5,8,9,608.0,306.0,0.4869,-0.45,-0.151,0,1,0,0.14456,,1.3339,,,,,,,
0.5,9,0,32.0,342.0,0.4683,0.45,-0.2041,0,0,0,,,,,,,,,,
0.5,9,1,96.0,342.0,0.4683,0.35,-0.2041,0,0,0,,,,,,,,,,
0.5,9,2,160.0,342.0,0.4683,0.25,-0.2041,0,0,0,,,,,,,,,,
0.5,9,3,224.0,342.0,0.4683,0.15,-0.2041,0,1,0,0.15756,,1.4191,,,,,,,
0.5,9,4,288.0,342.0,0.4683,0.05,-0.2041,0,1,0,0.11877,,1.4031,,,,,,,
0.5,9,5,352.0,342.0,0.4683,-0.05,-0.2041,0,1,0,0.0968,,1.4022,,,,,,,
0.5,9,6,416.0,342.0,0.4683,-0.15,-0.2041,0,1,0,0.09042,,1.399,,,,,,,
0.5,9,7,480.0,342.0,0.4683,-0.25,-0.2041,0,1,0,0.10002,,1.3941,,,,,,,
0.5,9,8,544.0,342.0,0.4683,-0.35,-0.2041,0,1,0,0.12501,,1.3893,,,,,,,
0.5,9,9,608.0,342.0,0.4683,-0.45,-0.2041,0,1,0,0.17329,,1.2695,,,,,,,
0.6,0,0,32.0,18.0,0.7467,0.54,0.2885,0,0,0,,,,,,,,,,
0.6,0,1,96.0,18.0,0.7467,0.42,0.2885,0,0,0,,,,,,,,,,
0.6,0,2,160.0,18.0,0.7467,0.3,0.2885,0,0,0,,,,,,,,,,
0.6,0,3,224.0,18.0,0.7467,0.18,0.2885,0,0,0,,,,,,,,,,
0.6,0,4,288.0,18.0,0.7467,0.06,0.2885,0,0,0,,,,,,,,,,
0.6,0,5,352.0,18.0,0.7467,-0.06,0.2885,0,0,0,,,,,,,,,,
0.6,0,6,416.0,18.0,0.7467,-0.18,0.2885,0,0,0,,,,,,,,,,
0.6,0,7,480.0,18.0,0.7467,-0.3,0.2885,0,0,0,,,,,,,,,,
0.6,0,8,544.0,18.0,0.7467,-0.42,0.2885,0,0,0,,,,,,,,,,
0.6,0,9,608.0,18.0,0.7467,-0.54,0.2885,0,0,0,,,,,,,,,,
0.6,1,0,32.0,54.0,0.7244,0.54,0.2248,0,0,0,,,,,,,,,,
0.6,1,1,96.0,54.0,0.7244,0.42,0.2248,0,0,0,,,,,,,,,,
0.6,1,2,160.0,54.0,0.7244,0.3,0.2248,0,0,0,,,,,,,,,,
0.6,1,3,224.0,54.0,0.7244,0.18,0.2248,0,0,0,,,,,,,,,,
0.6,1,4,288.0,54.0,0.7244,0.06,0.2248,0,0,0,,,,,,,,,,
0.6,1,5,352.0,54.0,0.7244,-0.06,0.2248,0,0,0,,,,,,,,,,
0.6,1,6,416.0,54.0,0.7244,-0.18,0.2248,0,0,0,,,,,,,,,,
0.6,1,7,480.0,54.0,0.7244,-0.3,0.2248,0,0,0,,,,,,,,,,
0.6,1,8,544.0,54.0,0.7244,-0.42,0.2248,0,0,0,,,,,,,,,,
0.6,1,9,608.0,54.0,0.7244,-0.54,0.2248,0,0,0,,,,,,,,,,
0.6,2,0,32.0,90.0,0.7021,0.54,0.1611,0,0,0,,,,,,,,,,
0.6,2,1,96.0,90.0,0.7021,0.42,0.1611,0,0,0,,,,,,,,,,
0.6,2,2,160.0,90.0,0.7021,0.3,0.1611,0,0,0,,,,,,,,,,
0.6,2,3,224.0,90.0,0.7021,0.18,0.1611,0,0,0,,,,,,,,,,
0.6,2,4,288.0,90.0,0.7021,0.06,0.1611,0,0,0,,,,,,,,,,
0.6,2,5,352.0,90.0,0.7021,-0.06,0.1611,0,0,0,,,,,,,,,,
0.6,2,6,416.0,90.0,0.7021,-0.18,0.1611,0,0,0,,,,,,,,,,
0.6,2,7,480.0,90.0,0.7021,-0.3,0.1611,0,0,0,,,,,,,,,,
0.6,2,8,544.0,90.0,0.7021,-0.42,0.1611,0,0,0,,,,,,,,,,
0.6,2,9,608.0,90.0,0.7021,-0.54,0.1611,0,0,0,,,,,,,,,,
0.6,3,0,32.0,126.0,0.6798,0.54,0.0974,0,0,0,,,,,,,,,,
0.6,3,1,96.0,126.0,0.6798,0.42,0.0974,0,0,0,,,,,,,,,,
0.6,3,2,160.0,126.0,0.6798,0.3,0.0974,0,0,0,,,,,,,,,,
0.6,3,3,224.0,126.0,0.6798,0.18,0.0974,0,0,0,,,,,,,,,,
0.6,3,4,288.0,126.0,0.6798,0.06,0.0974,0,0,0,,,,,,,,,,
0.6,3,5,352.0,126.0,0.6798,-0.06,0.0974,0,0,0,,,,,,,,,,
0.6,3,6,416.0,126.0,0.6798,-0.18,0.0974,0,0,0,,,,,,,,,,
0.6,3,7,480.0,126.0,0.6798,-0.3,0.0974,0,0,0,,,,,,,,,,
0.6,3,8,544.0,126.0,0.6798,-0.42,0.0974,0,0,0,,,,,,,,,,
0.6,3,9,608.0,126.0,0.6798,-0.54,0.0974,0,0,0,,,,,,,,,,
0.6,4,0,32.0,162.0,0.6575,0.54,0.0336,0,0,0,,,,,,,,,,
0.6,4,1,96.0,162.0,0.6575,0.42,0.0336,0,0,0,,,,,,,,,,
0.6,4,2,160.0,162.0,0.6575,0.3,0.0336,0,0,0,,,,,,,,,,
0.6,4,3,224.0,162.0,0.6575,0.18,0.0336,0,0,0,,,,,,,,,,
0.6,4,4,288.0,162.0,0.6575,0.06,0.0336,0,0,0,,,,,,,,,,
0.6,4,5,352.0,162.0,0.6575,-0.06,0.0336,0,0,0,,,,,,,,,,
0.6,4,6,416.0,162.0,0.6575,-0.18,0.0336,0,0,0,,,,,,,,,,
0.6,4,7,480.0,162.0,0.6575,-0.3,0.0336,0,0,0,,,,,,,,,,
0.6,4,8,544.0,162.0,0.6575,-0.42,0.0336,0,0,0,,,,,,,,,,
0.6,4,9,608.0,162.0,0.6575,-0.54,0.0336,0,0,0,,,,,,,,,,
0.6,5,0,32.0,198.0,0.6352,0.54,-0.0301,0,0,0,,,,,,,,,,
0.6,5,1,96.0,198.0,0.6352,0.42,-0.0301,0,0,0,,,,,,,,,,
0.6,5,2,160.0,198.0,0.6352,0.3,-0.0301,0,0,0,,,,,,,,,,
0.6,5,3,224.0,198.0,0.6352,0.18,-0.0301,0,1,0,0.22086,,1.359,,,,,,,
0.6,5,4,288.0,198.0,0.6352,0.06,-0.0301,0,1,0,0.16107,,1.3274,,,,,,,
0.6,5,5,352.0,198.0,0.6352,-0.06,-0.0301,0,1,0,0.13203,,1.3934,,,,,,,
0.6,5,6,416.0,198.0,0.6352,-0.18,-0.0301,0,1,0,0.12868,,1.3901,,,,,,,
0.6,5,7,480.0,198.0,0.6352,-0.3,-0.0301,0,1,0,0.14911,,1.323,,,,,,,
0.6,5,8,544.0,198.0,0.6352,-0.42,-0.0301,0,1,0,0.2006,,1.3092,,,,,,,
0.6,5,9,608.0,198.0,0.6352,-0.54,-0.0301,0,1,0,0.27876,,1.2543,,,,,,,
0.6,6,0,32.0,234.0,0.6129,0.54,-0.0938,0,0,0,,,,,,,,,,
0.6,6,1,96.0,234.0,0.6129,0.42,-0.0938,0,0,0,,,,,,,,,,
0.6,6,2,160.0,234.0,0.6129,0.3,-0.0938,0,0,0,,,,,,,,,,
0.6,6,3,224.0,234.0,0.6129,0.18,-0.0938,0,1,0,0.23398,,1.449,,,,,,,
0.6,6,4,288.0,234.0,0.6129,0.06,-0.0938,0,1,0,0.17517,,1.3214,,,,,,,
0.6,6,5,352.0,234.0,0.6129,-0.06,-0.0938,0,1,0,0.14275,,1.3618,,,,,,,
0.6,6,6,416.0,234.0,0.6129,-0.18,-0.0938,0,1,0,0.13893,,1.3696,,,,,,,
0.6,6,7,480.0,234.0,0.6129,-0.3,-0.0938,0,1,0,0.16227,,1.2909,,,,,,,
0.6,6,8,544.0,234.0,0.6129,-0.42,-0.0938,0,1,0,0.21376,,1.3295,,,,,,,
0.6,6,9,608.0,234.0,0.6129,-0.54,-0.0938,0,1,0,0.29614,,1.5521,,,,,,,
0.6,7,0,32.0,270.0,0.5906,0.54,-0.1575,0,0,0,,,,,,,,,,
0.6,7,1,96.0,270.0,0.5906,0.42,-0.1575,0,0,0,,,,,,,,,,
0.6,7,2,160.0,270.0,0.5906,0.3,-0.1575,0,0,0,,,,,,,,,,
0.6,7,3,224.0,270.0,0.5906,0.18,-0.1575,0,1,0,0.25543,,1.4945,,,,,,,
0.6,7,4,288.0,270.0,0.5906,0.06,-0.1575,0,1,0,0.20124,,1.3158,,,,,,,
0.6,7,5,352.0,270.0,0.5906,-0.06,-0.1575,0,1,0,0.16531,,1.3068,,,,,,,
0.6,7,6,416.0,270.0,0.5906,-0.18,-0.1575,0,1,0,0.16084,,1.2979,,,,,,,
0.6,7,7,480.0,270.0,0.5906,-0.3,-0.1575,0,1,0,0.18411,,1.2575,,,,,,,
0.6,7,8,544.0,270.0,0.5906,-0.42,-0.1575,0,1,0,0.23589,,1.3459,,,,,,,
0.6,7,9,608.0,270.0,0.5906,-0.54,-0.1575,0,1,0,0.31764,,1.3245,,,,,,,
0.6,8,0,32.0,306.0,0.5683,0.54,-0.2212,0,0,0,,,,,,,,,,
0.6,8,1,96.0,306.0,0.5683,0.42,-0.2212,0,0,0,,,,,,,,,,
0.6,8,2,160.0,306.0,0.5683,0.3,-0.2212,0,0,0,,,,,,,,,,
0.6,8,3,224.0,306.0,0.5683,0.18,-0.2212,0,1,0,0.30015,,1.4865,,,,,,,
0.6,8,4,288.0,306.0,0.5683,0.06,-0.2212,0,1,0,0.23779,,1.8443,,,,,,,
0.6,8,5,352.0,306.0,0.5683,-0.06,-0.2212,0,1,0,0.19527,,1.2661,,,,,,,
0.6,8,6,416.0,306.0,0.5683,-0.18,-0.2212,0,1,0,0.19133,,1.2525,,,,,,,
0.6,8,7,480.0,306.0,0.5683,-0.3,-0.2212,0,1,0,0.21485,,1.3003,,,,,,,
0.6,8,8,544.0,306.0,0.5683,-0.42,-0.2212,0,1,0,0.26754,,1.3403,,,,,,,
0.6,8,9,608.0,306.0,0.5683,-0.54,-0.2212,0,1,0,0.34296,,1.2882,,,,,,,
0.6,9,0,32.0,342.0,0.546,0.54,-0.2849,0,0,0,,,,,,,,,,
0.6,9,1,96.0,342.0,0.546,0.42,-0.2849,0,0,0,,,,,,,,,,
0.6,9,2,160.0,342.0,0.546,0.3,-0.2849,0,0,0,,,,,,,,,,
0.6,9,3,224.0,342.0,0.546,0.18,-0.2849,0,1,0,0.34804,,1.4941,,,,,,,
0.6,9,4,288.0,342.0,0.546,0.06,-0.2849,0,1,0,0.27528,,2.2339,,,,,,,
0.6,9,5,352.0,342.0,0.546,-0.06,-0.2849,0,1,0,0.23749,,1.2647,,,,,,,
0.6,9,6,416.0,342.0,0.546,-0.18,-0.2849,0,1,0,0.23176,,1.2276,,,,,,,
0.6,9,7,480.0,342.0,0.546,-0.3,-0.2849,0,1,0,0.2554,,1.2145,,,,,,,
0.6,9,8,544.0,342.0,0.546,-0.42,-0.2849,0,1,0,0.30897,,1.3396,,,,,,,
0.6,9,9,608.0,342.0,0.546,-0.54,-0.2849,0,1,0,0.36321,,1.5899,,,,,,,
0.7,0,0,32.0,18.0,0.8578,0.63,0.3032,0,0,0,,,,,,,,,,
0.7,0,1,96.0,18.0,0.8578,0.49,0.3032,0,0,0,,,,,,,,,,
0.7,0,2,160.0,18.0,0.8578,0.35,0.3032,0,0,0,,,,,,,,,,
0.7,0,3,224.0,18.0,0.8578,0.21,0.3032,0,0,0,,,,,,,,,,
0.7,0,4,288.0,18.0,0.8578,0.07,0.3032,0,0,0,,,,,,,,,,
0.7,0,5,352.0,18.0,0.8578,-0.07,0.3032,0,0,0,,,,,,,,,,
0.7,0,6,416.0,18.0,0.8578,-0.21,0.3032,0,0,0,,,,,,,,,,
0.7,0,7,480.0,18.0,0.8578,-0.35,0.3032,0,0,0,,,,,,,,,,
0.7,0,8,544.0,18.0,0.8578,-0.49,0.3032,0,0,0,,,,,,,,,,
0.7,0,9,608.0,18.0,0.8578,-0.63,0.3032,0,0,0,,,,,,,,,,
0.7,1,0,32.0,54.0,0.8318,0.63,0.2289,0,0,0,,,,,,,,,,
0.7,1,1,96.0,54.0,0.8318,0.49,0.2289,0,0,0,,,,,,,,,,
0.7,1,2,160.0,54.0,0.8318,0.35,0.2289,0,0,0,,,,,,,,,,
0.7,1,3,224.0,54.0,0.8318,0.21,0.2289,0,0,0,,,,,,,,,,
0.7,1,4,288.0,54.0,0.8318,0.07,0.2289,0,0,0,,,,,,,,,,
0.7,1,5,352.0,54.0,0.8318,-0.07,0.2289,0,0,0,,,,,,,,,,
0.7,1,6,416.0,54.0,0.8318,-0.21,0.2289,0,0,0,,,,,,,,,,
0.7,1,7,480.0,54.0,0.8318,-0.35,0.2289,0,0,0,,,,,,,,,,
0.7,1,8,544.0,54.0,0.8318,-0.49,0.2289,0,0,0,,,,,,,,,,
0.7,1,9,608.0,54.0,0.8318,-0.63,0.2289,0,0,0,,,,,,,,,,
0.7,2,0,32.0,90.0,0.8057,0.63,0.1546,0,0,0,,,,,,,,,,
0.7,2,1,96.0,90.0,0.8057,0.49,0.1546,0,0,0,,,,,,,,,,
0.7,2,2,160.0,90.0,0.8057,0.35,0.1546,0,0,0,,,,,,,,,,
0.7,2,3,224.0,90.0,0.8057,0.21,0.1546,0,0,0,,,,,,,,,,
0.7,2,4,288.0,90.0,0.8057,0.07,0.1546,0,0,0,,,,,,,,,,
0.7,2,5,352.0,90.0,0.8057,-0.07,0.1546,0,0,0,,,,,,,,,,
0.7,2,6,416.0,90.0,0.8057,-0.21,0.1546,0,0,0,,,,,,,,,,
0.7,2,7,480.0,90.0,0.8057,-0.35,0.1546,0,0,0,,,,,,,,,,
0.7,2,8,544.0,90.0,0.8057,-0.49,0.1546,0,0,0,,,,,,,,,,
0.7,2,9,608.0,90.0,0.8057,-0.63,0.1546,0,0,0,,,,,,,,,,
0.7,3,0,32.0,126.0,0.7797,0.63,0.0802,0,0,0,,,,,,,,,,
0.7,3,1,96.0,126.0,0.7797,0.49,0.0802,0,0,0,,,,,,,,,,
0.7,3,2,160.0,126.0,0.7797,0.35,0.0802,0,0,0,,,,,,,,,,
0.7,3,3,224.0,126.0,0.7797,0.21,0.0802,0,0,0,,,,,,,,,,
0.7,3,4,288.0,126.0,0.7797,0.07,0.0802,0,0,0,,,,,,,,,,
0.7,3,5,352.0,126.0,0.7797,-0.07,0.0802,0,0,0,,,,,,,,,,
0.7,3,6,416.0,126.0,0.7797,-0.21,0.0802,0,0,0,,,,,,,,,,
0.7,3,7,480.0,126.0,0.7797,-0.35,0.0802,0,0,0,,,,,,,,,,
0.7,3,8,544.0,126.0,0.7797,-0.49,0.0802,0,0,0,,,,,,,,,,
0.7,3,9,608.0,126.0,0.7797,-0.63,0.0802,0,0,0,,,,,,,,,,
0.7,4,0,32.0,162.0,0.7537,0.63,0.0059,0,0,0,,,,,,,,,,
0.7,4,1,96.0,162.0,0.7537,0.49,0.0059,0,0,0,,,,,,,,,,
0.7,4,2,160.0,162.0,0.7537,0.35,0.0059,0,0,0,,,,,,,,,,
0.7,4,3,224.0,162.0,0.7537,0.21,0.0059,0,0,0,,,,,,,,,,
0.7,4,4,288.0,162.0,0.7537,0.07,0.0059,0,0,0,,,,,,,,,,
0.7,4,5,352.0,162.0,0.7537,-0.07,0.0059,0,0,0,,,,,,,,,,
0.7,4,6,416.0,162.0,0.7537,-0.21,0.0059,0,0,0,,,,,,,,,,
0.7,4,7,480.0,162.0,0.7537,-0.35,0.0059,0,0,0,,,,,,,,,,
0.7,4,8,544.0,162.0,0.7537,-0.49,0.0059,0,0,0,,,,,,,,,,
0.7,4,9,608.0,162.0,0.7537,-0.63,0.0059,0,0,0,,,,,,,,,,
0.7,5,0,32.0,198.0,0.7277,0.63,-0.0684,0,0,0,,,,,,,,,,
0.7,5,1,96.0,198.0,0.7277,0.49,-0.0684,0,0,0,,,,,,,,,,
0.7,5,2,160.0,198.0,0.7277,0.35,-0.0684,0,0,0,,,,,,,,,,
0.7,5,3,224.0,198.0,0.7277,0.21,-0.0684,0,0,0,,,,,,,,,,
0.7,5,4,288.0,198.0,0.7277,0.07,-0.0684,0,0,0,,,,,,,,,,
0.7,5,5,352.0,198.0,0.7277,-0.07,-0.0684,0,0,0,,,,,,,,,,
0.7,5,6,416.0,198.0,0.7277,-0.21,-0.0684,0,0,0,,,,,,,,,,
0.7,5,7,480.0,198.0,0.7277,-0.35,-0.0684,0,0,0,,,,,,,,,,
0.7,5,8,544.0,198.0,0.7277,-0.49,-0.0684,0,0,0,,,,,,,,,,
0.7,5,9,608.0,198.0,0.7277,-0.63,-0.0684,0,0,0,,,,,,,,,,
0.7,6,0,32.0,234.0,0.7017,0.63,-0.1427,0,0,0,,,,,,,,,,
0.7,6,1,96.0,234.0,0.7017,0.49,-0.1427,0,0,0,,,,,,,,,,
0.7,6,2,160.0,234.0,0.7017,0.35,-0.1427,0,0,0,,,,,,,,,,
0.7,6,3,224.0,234.0,0.7017,0.21,-0.1427,0,0,0,,,,,,,,,,
0.7,6,4,288.0,234.0,0.7017,0.07,-0.1427,0,0,0,,,,,,,,,,
0.7,6,5,352.0,234.0,0.7017,-0.07,-0.1427,0,0,0,,,,,,,,,,
0.7,6,6,416.0,234.0,0.7017,-0.21,-0.1427,0,0,0,,,,,,,,,,
0.7,6,7,480.0,234.0,0.7017,-0.35,-0.1427,0,0,0,,,,,,,,,,
0.7,6,8,544.0,234.0,0.7017,-0.49,-0.1427,0,0,0,,,,,,,,,,
0.7,6,9,608.0,234.0,0.7017,-0.63,-0.1427,0,0,0,,,,,,,,,,
0.7,7,0,32.0,270.0,0.6757,0.63,-0.2171,0,0,0,,,,,,,,,,
0.7,7,1,96.0,270.0,0.6757,0.49,-0.2171,0,0,0,,,,,,,,,,
0.7,7,2,160.0,270.0,0.6757,0.35,-0.2171,0,0,0,,,,,,,,,,
0.7,7,3,224.0,270.0,0.6757,0.21,-0.2171,0,0,0,,,,,,,,,,
0.7,7,4,288.0,270.0,0.6757,0.07,-0.2171,0,0,0,,,,,,,,,,
0.7,7,5,352.0,270.0,0.6757,-0.07,-0.2171,0,0,0,,,,,,,,,,
0.7,7,6,416.0,270.0,0.6757,-0.21,-0.2171,0,0,0,,,,,,,,,,
0.7,7,7,480.0,270.0,0.6757,-0.35,-0.2171,0,0,0,,,,,,,,,,
0.7,7,8,544.0,270.0,0.6757,-0.49,-0.2171,0,0,0,,,,,,,,,,
0.7,7,9,608.0,270.0,0.6757,-0.63,-0.2171,0,0,0,,,,,,,,,,
0.7,8,0,32.0,306.0,0.6496,0.63,-0.2914,0,0,0,,,,,,,,,,
0.7,8,1,96.0,306.0,0.6496,0.49,-0.2914,0,0,0,,,,,,,,,,
0.7,8,2,160.0,306.0,0.6496,0.35,-0.2914,0,0,0,,,,,,,,,,
0.7,8,3,224.0,306.0,0.6496,0.21,-0.2914,0,0,0,,,,,,,,,,
0.7,8,4,288.0,306.0,0.6496,0.07,-0.2914,0,1,0,0.41678,,1.4702,,,,,,,
0.7,8,5,352.0,306.0,0.6496,-0.07,-0.2914,0,1,0,0.35352,,1.4191,,,,,,,
0.7,8,6,416.0,306.0,0.6496,-0.21,-0.2914,0,1,0,0.35156,,1.2434,,,,,,,
0.7,8,7,480.0,306.0,0.6496,-0.35,-0.2914,0,1,0,0.3936,,1.2494,,,,,,,
0.7,8,8,544.0,306.0,0.6496,-0.49,-0.2914,0,1,0,0.57023,,12.0262,,,,,,,
0.7,8,9,608.0,306.0,0.6496,-0.63,-0.2914,0,1,0,0.70939,,2.6415,,,,,,,
0.7,9,0,32.0,342.0,0.6236,0.63,-0.3657,0,0,0,,,,,,,,,,
0.7,9,1,96.0,342.0,0.6236,0.49,-0.3657,0,0,0,,,,,,,,,,
0.7,9,2,160.0,342.0,0.6236,0.35,-0.3657,0,0,0,,,,,,,,,,
0.7,9,3,224.0,342.0,0.6236,0.21,-0.3657,0,0,0,,,,,,,,,,
0.7,9,4,288.0,342.0,0.6236,0.07,-0.3657,0,0,0,,,,,,,,,,
0.7,9,5,352.0,342.0,0.6236,-0.07,-0.3657,0,0,0,,,,,,,,,,
0.7,9,6,416.0,342.0,0.6236,-0.21,-0.3657,0,0,0,,,,,,,,,,
0.7,9,7,480.0,342.0,0.6236,-0.35,-0.3657,0,0,0,,,,,,,,,,
0.7,9,8,544.0,342.0,0.6236,-0.49,-0.3657,0,0,0,,,,,,,,,,
0.7,9,9,608.0,342.0,0.6236,-0.63,-0.3657,0,0,0,,,,,,,,,,
